"Iteration";"Force 1 Monitor: Force 1 Monitor (N)"
1.0;4.118229916509239
2.0;38.690043041996404
3.0;60.00768616116452
4.0;71.53783427036993
5.0;72.18661450971128
6.0;66.81908796166752
7.0;63.275340264195464
8.0;60.6759829553022
9.0;58.99230533973312
10.0;58.27645560620547
11.0;58.1937080429708
12.0;58.10857337768553
13.0;57.89259605831138
14.0;57.52958423419305
15.0;57.063226185142504
16.0;56.60077669198182
17.0;56.29384795956175
18.0;56.03108014505622
19.0;55.76399078577385
20.0;55.46774805712833
21.0;55.12741421252224
22.0;54.751802434973655
23.0;54.34315608546226
24.0;53.89605918936627
25.0;53.41029779131486
26.0;52.872754517270025
27.0;52.26962519384408
28.0;51.58319431516298
29.0;50.77891066071594
30.0;49.80282566949297
31.0;48.5918091969067
32.0;47.10703334980411
33.0;45.35218697349837
34.0;43.351877877319325
35.0;41.14501122016447
36.0;38.78468764968673
37.0;36.34451120392339
38.0;33.87013070892339
39.0;31.383555786976896
40.0;28.91623787712617
41.0;26.50455081000498
42.0;24.179783876425102
43.0;21.965012515584643
44.0;19.862366323550976
45.0;17.871068465250286
46.0;15.99373712558171
47.0;14.269692766733066
48.0;12.74245561252522
49.0;11.457106530309417
50.0;10.452423216156882
51.0;9.7448574985557
52.0;9.291620935461003
53.0;8.909963165541274
54.0;8.376459458026318
55.0;7.673861279175444
56.0;6.88890718628878
57.0;6.1108627875335255
58.0;5.380455443154506
59.0;4.736483832910305
60.0;4.2177161284531035
61.0;3.8554775542169795
62.0;3.6683689640441886
63.0;3.6653874063843683
64.0;3.8448519772414373
65.0;4.18702543294131
66.0;4.648488596701837
67.0;5.161859268867119
68.0;5.657005159858426
69.0;6.06584629429784
70.0;6.337752057789868
71.0;6.453620056190663
72.0;6.422434968370158
73.0;6.293462839469474
74.0;6.139821845172975
75.0;6.0257394667953035
76.0;5.98920914604121
77.0;6.043711248030075
78.0;6.180036997090456
79.0;6.380917768179589
80.0;6.629603489320418
81.0;6.92182846376015
82.0;7.2452199827744534
83.0;7.576276527016205
84.0;7.888323406032773
85.0;8.164177359642565
86.0;8.38891050652373
87.0;8.537321173115455
88.0;8.590825479733082
89.0;8.537653662512934
90.0;8.379476828869452
91.0;8.137379022590805
92.0;7.8382612731441625
93.0;7.492158575409656
94.0;7.1196101510189385
95.0;6.7601378886115455
96.0;6.437013268749199
97.0;6.164549508863672
98.0;5.947693455907315
99.0;5.794021978337226
100.0;5.7133734428028005
101.0;5.704764929314116
102.0;5.762468555994245
103.0;5.874735849644724
104.0;6.017303999305898
105.0;6.146233495141133
106.0;6.22969745646833
107.0;6.256690898483493
108.0;6.233699168842692
109.0;6.178990063712245
110.0;6.108183870049096
111.0;6.033962484619497
112.0;5.959616276738079
113.0;5.886520252501135
114.0;5.817083208679061
115.0;5.753557303702796
116.0;5.693357789013734
117.0;5.637363557897796
118.0;5.585983546509453
119.0;5.531522773348113
120.0;5.46618826170437
121.0;5.386367050826254
122.0;5.296160007764165
123.0;5.195639405032256
124.0;5.084460075836726
125.0;4.964863692324922
126.0;4.841572376254132
127.0;4.720877786471187
128.0;4.610670515793214
129.0;4.517471878135448
130.0;4.444623437357533
131.0;4.392989049407536
132.0;4.364143800012432
133.0;4.3582306792758745
134.0;4.37568547587689
135.0;4.4189100979550044
136.0;4.4899588002157085
137.0;4.587894538576356
138.0;4.71249892313733
139.0;4.859574610616836
140.0;5.016790270716535
141.0;5.174710653516359
142.0;5.325791574536995
143.0;5.461121984078179
144.0;5.572953078385934
145.0;5.658295666332793
146.0;5.716964084603667
147.0;5.750648823101706
148.0;5.762058234451265
149.0;5.754130476582739
150.0;5.729500590718931
151.0;5.691548440561901
152.0;5.643694377815104
153.0;5.5890897406326605
154.0;5.52943361845449
155.0;5.4652890179890345
156.0;5.395521780767388
157.0;5.317980258239472
158.0;5.22961279232782
159.0;5.128583454068955
160.0;5.014618966003413
161.0;4.8899770463596415
162.0;4.759186947847338
163.0;4.623710693419517
164.0;4.484683632205469
165.0;4.345238649479255
166.0;4.208964773118929
167.0;4.07823045341695
168.0;3.9541384099730954
169.0;3.8379087349594867
170.0;3.7305762272778447
171.0;3.633068243166928
172.0;3.5464900038998945
173.0;3.4716124209393047
174.0;3.4090531439322964
175.0;3.3595932645945505
176.0;3.3239038380176624
177.0;3.302634092845151
178.0;3.2967699116645073
179.0;3.3071505676624384
180.0;3.334029425689728
181.0;3.3765362647725228
182.0;3.4320654818587544
183.0;3.4968117896589246
184.0;3.566459018821993
185.0;3.63725059385224
186.0;3.7056622305335476
187.0;3.7689556565834375
188.0;3.825122471038837
189.0;3.8732692907017663
190.0;3.9133246510073336
191.0;3.946089429764973
192.0;3.9725245750511182
193.0;3.9925861314444133
194.0;4.006694553755629
195.0;4.0161412828884036
196.0;4.022196127116834
197.0;4.025663135476661
198.0;4.027255503530087
199.0;4.026799948211727
200.0;4.022986281751463
201.0;4.014083360932053
202.0;3.9989825027746098
203.0;3.9775398438872918
204.0;3.950236022998169
205.0;3.9178472963794286
206.0;3.880982613201593
207.0;3.8397476118973835
208.0;3.7941713120513603
209.0;3.744091430132259
210.0;3.6894096093942776
211.0;3.630237982934796
212.0;3.567133245634649
213.0;3.5004803608470767
214.0;3.429820457220411
215.0;3.353896372785343
216.0;3.273731404280759
217.0;3.1914560223999815
218.0;3.1096645072924165
219.0;3.0312178235830984
220.0;2.9586069161670294
221.0;2.8931056857767654
222.0;2.8350416135040795
223.0;2.7861699217406506
224.0;2.7476075559291835
225.0;2.7194646167646104
226.0;2.7011956795172396
227.0;2.692527927388994
228.0;2.693473314143086
229.0;2.704031366995936
230.0;2.7237807913035637
231.0;2.7518216310730477
232.0;2.7862512304689484
233.0;2.824919592133601
234.0;2.8669442890508043
235.0;2.9116405175733013
236.0;2.9577342413580903
237.0;3.003000389503465
238.0;3.044903631342921
239.0;3.081333699263782
240.0;3.1108661961005963
241.0;3.1327612297961633
242.0;3.1466942536467424
243.0;3.152356764508132
244.0;3.1492996318929602
245.0;3.137276756009775
246.0;3.117452269657998
247.0;3.09147182989502
248.0;3.060074445246825
249.0;3.025042880717124
250.0;2.9881300192512334
251.0;2.950326806286526
252.0;2.912698759741616
253.0;2.875394423294718
254.0;2.8381173986351076
255.0;2.800280284885096
256.0;2.762741568820934
257.0;2.728425503792599
258.0;2.6993102848968675
259.0;2.675181664394375
260.0;2.6559861565206626
261.0;2.6418546080964784
262.0;2.6330426930219466
263.0;2.6294555812732865
264.0;2.630250108376853
265.0;2.6344675279512146
266.0;2.64139957261835
267.0;2.6504365579064637
268.0;2.6608376082803376
269.0;2.671672386178224
270.0;2.6825328313856387
271.0;2.6935874297581393
272.0;2.705178743686169
273.0;2.7176549013441114
274.0;2.731475463566528
275.0;2.747064323386866
276.0;2.764622523690007
277.0;2.784155195936018
278.0;2.8044382014888862
279.0;2.8238082993645173
280.0;2.8408850926096028
281.0;2.8549320396075997
282.0;2.8657336439981624
283.0;2.8735615849182548
284.0;2.878826093271261
285.0;2.882157675621283
286.0;2.8841761465554145
287.0;2.885379386428806
288.0;2.8859917221995195
289.0;2.886408952769754
290.0;2.8870089827624437
291.0;2.888312471709562
292.0;2.890887708249654
293.0;2.8953112142460387
294.0;2.9017346899962804
295.0;2.9101055175540185
296.0;2.9203058340445436
297.0;2.9318580934781266
298.0;2.943953724856146
299.0;2.9554581814873053
300.0;2.965005897702212
301.0;2.9711528585567377
302.0;2.9726781558284108
303.0;2.9686745296423487
304.0;2.9584845124635386
305.0;2.941953439898539
306.0;2.9190190552048207
307.0;2.8901850591115377
308.0;2.8564401865939164
309.0;2.8189866409467914
310.0;2.7789195423998425
311.0;2.737643348571263
312.0;2.696409887097761
313.0;2.6557501295080503
314.0;2.615541251796339
315.0;2.5756111473091603
316.0;2.536225598937351
317.0;2.4976987551647065
318.0;2.460478803221367
319.0;2.4250680328085035
320.0;2.3920839811557086
321.0;2.3620648884030464
322.0;2.335477488513249
323.0;2.3126799794070276
324.0;2.293856591981974
325.0;2.278967033155385
326.0;2.2679924010237786
327.0;2.260901659558191
328.0;2.257971681819274
329.0;2.2593461247648445
330.0;2.2649625181263775
331.0;2.274580006885003
332.0;2.2880027533947884
333.0;2.304994913740561
334.0;2.325438372505339
335.0;2.3485127232488123
336.0;2.37343763126846
337.0;2.399512617812937
338.0;2.426498737985457
339.0;2.4544161076049416
340.0;2.4831297181937875
341.0;2.5126302921198573
342.0;2.542823791883571
343.0;2.573241592695802
344.0;2.603610832430548
345.0;2.632917005992769
346.0;2.6607372651633434
347.0;2.6863908896290516
348.0;2.7089891487860482
349.0;2.7279505339241643
350.0;2.742614179012995
351.0;2.7521477033884905
352.0;2.7565224482173574
353.0;2.7571798889571815
354.0;2.7553384058718757
355.0;2.7516925585326293
356.0;2.7470613327268714
357.0;2.7423137355623406
358.0;2.7381793825548755
359.0;2.7350055348290554
360.0;2.732536202927207
361.0;2.730034100660701
362.0;2.7265687686984936
363.0;2.7214824103607804
364.0;2.714329734723899
365.0;2.704696898720302
366.0;2.692284743325548
367.0;2.676874974848123
368.0;2.6584537979554494
369.0;2.637113251033109
370.0;2.6131164240318356
371.0;2.586749630942319
372.0;2.558377797553155
373.0;2.527987840462901
374.0;2.495895431482771
375.0;2.4625236133683535
376.0;2.4284379058594947
377.0;2.3941960818981465
378.0;2.3602772371791203
379.0;2.3272939630067317
380.0;2.2956985533109813
381.0;2.2658812218471738
382.0;2.238198891844805
383.0;2.2131243611488967
384.0;2.190938873325933
385.0;2.172035660763296
386.0;2.1566526052820203
387.0;2.1450172516517116
388.0;2.1371566526537724
389.0;2.1329518513425025
390.0;2.1321758877227115
391.0;2.1344807518517652
392.0;2.1395372913713446
393.0;2.1468895899474867
394.0;2.156106614281358
395.0;2.1667820645282125
396.0;2.178529437572431
397.0;2.191011170915097
398.0;2.203904618462035
399.0;2.2169131332890704
400.0;2.229703254825386
401.0;2.2420669845364447
402.0;2.2538699905104154
403.0;2.2650231607494975
404.0;2.2755488447527967
405.0;2.2855374443524434
406.0;2.2951257155770572
407.0;2.3044734311461434
408.0;2.3134074406908947
409.0;2.321937334678814
410.0;2.3301181674801446
411.0;2.3379946505308142
412.0;2.345676168978666
413.0;2.3531407363600443
414.0;2.360413437498691
415.0;2.3674362243772755
416.0;2.3741044549941837
417.0;2.380338951352943
418.0;2.3860623181182294
419.0;2.3913022270526927
420.0;2.3960159447640335
421.0;2.4002212845896596
422.0;2.40418142590908
423.0;2.408039361755284
424.0;2.411636891459869
425.0;2.4147576639789787
426.0;2.417357176869035
427.0;2.41942556519484
428.0;2.4210598257217786
429.0;2.4224016845755925
430.0;2.423621209906618
431.0;2.4248009788661338
432.0;2.425861212623859
433.0;2.4266171015961726
434.0;2.426783836665886
435.0;2.4260628931077193
436.0;2.424251582632709
437.0;2.4211992916708316
438.0;2.4167601233706817
439.0;2.410741597274144
440.0;2.4030305025940892
441.0;2.393600858648216
442.0;2.3824973963621336
443.0;2.3698560336714007
444.0;2.355936247505498
445.0;2.341019713824072
446.0;2.3253412573936227
447.0;2.3090445410758056
448.0;2.2924553988569434
449.0;2.2757645112562503
450.0;2.2592144793744304
451.0;2.2430916307723274
452.0;2.227596389173023
453.0;2.2129692097815177
454.0;2.199292419511182
455.0;2.1866228456638233
456.0;2.1750303917296807
457.0;2.1645624448158105
458.0;2.1552341117013634
459.0;2.1470772972242584
460.0;2.140085190752167
461.0;2.134258393114311
462.0;2.129542419737713
463.0;2.1258775480275784
464.0;2.1232062840590973
465.0;2.121476001668407
466.0;2.120632733615463
467.0;2.1206074400912778
468.0;2.1213671099969145
469.0;2.1229163092078656
470.0;2.1252291368694656
471.0;2.1282938102374844
472.0;2.132065938397611
473.0;2.1364966483675443
474.0;2.1414810659621417
475.0;2.146894278760925
476.0;2.1525937200449463
477.0;2.158464411549893
478.0;2.164428819759848
479.0;2.170410275858388
480.0;2.176353178278427
481.0;2.182214540416604
482.0;2.1879887982232074
483.0;2.193680273330127
484.0;2.199299723415036
485.0;2.2048713978089274
486.0;2.210425851397316
487.0;2.2159819234599727
488.0;2.2215664850215644
489.0;2.2271923315489577
490.0;2.232848385208128
491.0;2.238552198594986
492.0;2.244303760048987
493.0;2.2501094375584794
494.0;2.255945800617781
495.0;2.2617544694298526
496.0;2.2674776865849657
497.0;2.273080031188575
498.0;2.278543598728731
499.0;2.2838652044825243
500.0;2.28900707649187
501.0;2.293949879102212
502.0;2.298689993778934
503.0;2.3032262318672316
504.0;2.307537871335103
505.0;2.3116242958518964
506.0;2.3154927435723502
507.0;2.3191435398733486
508.0;2.3226099626472156
509.0;2.32593445439599
510.0;2.329183071821743
511.0;2.3324180765214564
512.0;2.335739749466529
513.0;2.3392501568580975
514.0;2.3429943388971077
515.0;2.3469288985871986
516.0;2.3509647165588134
517.0;2.3549864800203224
518.0;2.3588664553964787
519.0;2.3624921340106657
520.0;2.365768478615343
521.0;2.3686208124568653
522.0;2.3709648165603974
523.0;2.372732773638615
524.0;2.3738666836829037
525.0;2.374326632679987
526.0;2.374091710348009
527.0;2.373143968638423
528.0;2.3714646177869105
529.0;2.3690281408092906
530.0;2.3658184032194423
531.0;2.3618307817136817
532.0;2.3570717609724827
533.0;2.3515564755876954
534.0;2.3453129833247717
535.0;2.3383958262219835
536.0;2.3308857089086352
537.0;2.3228832596586417
538.0;2.3145062218692583
539.0;2.305877862489542
540.0;2.2971165278501138
541.0;2.2883319214464604
542.0;2.2796357912248633
543.0;2.271137939383346
544.0;2.262928332940286
545.0;2.2551032148688614
546.0;2.2477327939891976
547.0;2.2408900409788903
548.0;2.234642857300758
549.0;2.229039734946491
550.0;2.2241243651078926
551.0;2.2199033158523505
552.0;2.216381339325208
553.0;2.2135558948241596
554.0;2.2114259634666107
555.0;2.2099630904029355
556.0;2.2091553341961894
557.0;2.208993530430494
558.0;2.209461542730112
559.0;2.210534246312045
560.0;2.21218573137178
561.0;2.214390254797173
562.0;2.2171139660386423
563.0;2.2203028560874545
564.0;2.2238858410611453
565.0;2.227796446601965
566.0;2.231935935120745
567.0;2.236202693831756
568.0;2.240505603380417
569.0;2.244757352271077
570.0;2.2489012748668142
571.0;2.2528803523710534
572.0;2.2566504222596637
573.0;2.2601836341452044
574.0;2.2634774545044354
575.0;2.266561327636723
576.0;2.2694810551608113
577.0;2.2723198892805265
578.0;2.275193502764905
579.0;2.2782149348588545
580.0;2.281503059492557
581.0;2.2851639549285214
582.0;2.28931498152169
583.0;2.294067773285706
584.0;2.299501111028224
585.0;2.305676048692506
586.0;2.312605848657758
587.0;2.320247841919832
588.0;2.3284715537147562
589.0;2.3370689741404083
590.0;2.3457552203291003
591.0;2.354234179690692
592.0;2.3622279096454344
593.0;2.369439489602198
594.0;2.375633178164042
595.0;2.380631456347748
596.0;2.384348269812572
597.0;2.3867442511053243
598.0;2.3878718173713382
599.0;2.3877949692470137
600.0;2.386589382543291
601.0;2.3843607860287594
602.0;2.3812352758832005
603.0;2.3773503280346406
604.0;2.3728515324530517
605.0;2.367855303954776
606.0;2.362420947266455
607.0;2.356556531448432
608.0;2.350228032928521
609.0;2.3433657373118186
610.0;2.335898734353392
611.0;2.327761551145726
612.0;2.318930886925782
613.0;2.3094199550670704
614.0;2.299300303539858
615.0;2.28867476421956
616.0;2.2777210583484258
617.0;2.2666612077711155
618.0;2.255743277981838
619.0;2.2452579672673574
620.0;2.235475009930846
621.0;2.2266375451003717
622.0;2.2189607044818316
623.0;2.212591159975658
624.0;2.2076555403628224
625.0;2.2041880198004646
626.0;2.2021631015455814
627.0;2.2014826775499103
628.0;2.201995734254689
629.0;2.20350697472126
630.0;2.205796298123878
631.0;2.2086663149332306
632.0;2.211850266058525
633.0;2.215135011340487
634.0;2.218345328429971
635.0;2.2213210110004877
636.0;2.2239782061572564
637.0;2.226258839313165
638.0;2.228149843579242
639.0;2.2296519851519454
640.0;2.2307907844914245
641.0;2.2315871989317366
642.0;2.2321086563884833
643.0;2.232420355300153
644.0;2.2325730327882614
645.0;2.2326032419877104
646.0;2.2325304112885775
647.0;2.2323728806563197
648.0;2.23218815732468
649.0;2.2320020913325855
650.0;2.231868227382539
651.0;2.231835761585999
652.0;2.23204638561714
653.0;2.2325957115828463
654.0;2.2335325017313212
655.0;2.2349059648775156
656.0;2.2367844312907303
657.0;2.2392601772097835
658.0;2.242436327277733
659.0;2.24641777524412
660.0;2.2512894343575427
661.0;2.257082859169827
662.0;2.2637682062565276
663.0;2.2712504991632203
664.0;2.279334161216569
665.0;2.2877962948301596
666.0;2.2963696236052473
667.0;2.3047730654603362
668.0;2.312778953507981
669.0;2.3202047652905806
670.0;2.326926623613042
671.0;2.332815111650936
672.0;2.33779787157565
673.0;2.3417954745183485
674.0;2.344764833586482
675.0;2.3467124473397547
676.0;2.347676441791158
677.0;2.3476892401149616
678.0;2.3467746083321757
679.0;2.3449637973958057
680.0;2.3423092300116846
681.0;2.338819720548935
682.0;2.334473772491927
683.0;2.3292560922218795
684.0;2.3231711685690932
685.0;2.316220044099104
686.0;2.3084670019205786
687.0;2.3000227257945483
688.0;2.291040094663614
689.0;2.28167816960212
690.0;2.272113826572189
691.0;2.2625480889061254
692.0;2.2532099074699783
693.0;2.2443081681879855
694.0;2.2360423844466215
695.0;2.2285796727878724
696.0;2.222052507172484
697.0;2.2165444805981367
698.0;2.212076599281856
699.0;2.208620319275374
700.0;2.2060939938428628
701.0;2.204364624726027
702.0;2.2032880136467576
703.0;2.2027320947586118
704.0;2.2025706220110397
705.0;2.2026869558479243
706.0;2.202999105759233
707.0;2.2034549785901105
708.0;2.204004508339191
709.0;2.2046434711874343
710.0;2.205388484306163
711.0;2.206253556987817
712.0;2.207243103135428
713.0;2.2083689801044137
714.0;2.2096315321520414
715.0;2.21103383229391
716.0;2.2125747879170414
717.0;2.2142482656921985
718.0;2.216062366123605
719.0;2.2180415092263432
720.0;2.220214965383269
721.0;2.222613212973741
722.0;2.2252456680644253
723.0;2.228155837741537
724.0;2.23138789097838
725.0;2.2349548700393607
726.0;2.2388569333235457
727.0;2.2430828774072604
728.0;2.2476453972382378
729.0;2.2525547510182053
730.0;2.257842456674703
731.0;2.2635030523740896
732.0;2.2695067690919406
733.0;2.2758112234348387
734.0;2.2823343903220743
735.0;2.2889931285222573
736.0;2.2956834330115
737.0;2.302294401864764
738.0;2.3087090375006816
739.0;2.314804853576178
740.0;2.320473708402664
741.0;2.3256264307281276
742.0;2.3301950387731427
743.0;2.3341295407202214
744.0;2.3373922858484026
745.0;2.339943753090758
746.0;2.341743190739739
747.0;2.3427339188459815
748.0;2.3428467107109427
749.0;2.342075214325129
750.0;2.340533438690943
751.0;2.3383207058804993
752.0;2.3354346044923724
753.0;2.331859725974546
754.0;2.3276290637547357
755.0;2.3227872258126765
756.0;2.3173901336649254
757.0;2.31151236861363
758.0;2.3052463453846603
759.0;2.298710730955682
760.0;2.292017750148365
761.0;2.2853131046627015
762.0;2.278717953528699
763.0;2.27235339013637
764.0;2.266313434591266
765.0;2.260676733140326
766.0;2.2554895335549765
767.0;2.2507826929142896
768.0;2.2465703571571445
769.0;2.2428509869651276
770.0;2.2396018169848397
771.0;2.2367963287089343
772.0;2.234397534074483
773.0;2.2323648164695906
774.0;2.2306433459812736
775.0;2.2291898476630436
776.0;2.2279641995705695
777.0;2.2269455128213558
778.0;2.226123419704053
779.0;2.2255063707957903
780.0;2.225095060612568
781.0;2.2248932939518573
782.0;2.2249043948538736
783.0;2.225126353732253
784.0;2.225558159249177
785.0;2.2261981315388377
786.0;2.2270426828268177
787.0;2.2280884526868667
788.0;2.2293274707440793
789.0;2.2307511446806356
790.0;2.2323494272629083
791.0;2.2341290396246953
792.0;2.2361033419529073
793.0;2.238281952263333
794.0;2.240660260941133
795.0;2.24322341219158
796.0;2.2459627002721767
797.0;2.2488650601152695
798.0;2.25192435825777
799.0;2.255141145573795
800.0;2.258521306240355
801.0;2.262075804612246
802.0;2.2657969766633568
803.0;2.269668991320901
804.0;2.2736783342285904
805.0;2.2777991266433615
806.0;2.282001926772303
807.0;2.2862416241896795
808.0;2.2904705304193382
809.0;2.294630154136663
810.0;2.2986722741228993
811.0;2.3025448529423564
812.0;2.306199513533401
813.0;2.309586268507355
814.0;2.3126633856699192
815.0;2.315398510363082
816.0;2.317761631196377
817.0;2.319731064248476
818.0;2.321285444604264
819.0;2.3224120442682583
820.0;2.323080340084159
821.0;2.3232556250560883
822.0;2.3229221138079215
823.0;2.322087453028034
824.0;2.32077615056843
825.0;2.319026047260595
826.0;2.316882179001325
827.0;2.314395912004933
828.0;2.3116198142434623
829.0;2.3086000835308567
830.0;2.305400549468145
831.0;2.3020682410002453
832.0;2.2986555831227586
833.0;2.2951953337046915
834.0;2.2917308649286805
835.0;2.288291115710816
836.0;2.284898578121054
837.0;2.281581367527308
838.0;2.278359740057934
839.0;2.2752454970039713
840.0;2.2722407120694803
841.0;2.269352385905113
842.0;2.2665868012477275
843.0;2.263940952218794
844.0;2.261415046703415
845.0;2.2590059698549156
846.0;2.2567081509417592
847.0;2.254519757975183
848.0;2.2524427280426313
849.0;2.250477416600081
850.0;2.248632881748468
851.0;2.246917011097911
852.0;2.2453432075435926
853.0;2.2439249815484765
854.0;2.242679312235892
855.0;2.241623274830078
856.0;2.240772549362716
857.0;2.2401411598295353
858.0;2.2397465014312856
859.0;2.239598954673283
860.0;2.2397061554835567
861.0;2.240072459457919
862.0;2.240697282915491
863.0;2.241572992713474
864.0;2.2426931109347907
865.0;2.24404584870629
866.0;2.245622587850816
867.0;2.247410327999892
868.0;2.249397520859318
869.0;2.251574503510134
870.0;2.253928946194255
871.0;2.2564521532961797
872.0;2.259136438973813
873.0;2.261970094477156
874.0;2.2649363118643406
875.0;2.2680242975458005
876.0;2.271221541947327
877.0;2.274513169672828
878.0;2.2778787991386706
879.0;2.2812991310334727
880.0;2.284753014259745
881.0;2.2882239488172575
882.0;2.291680641550042
883.0;2.2950978962619515
884.0;2.2984530467645516
885.0;2.301721127056594
886.0;2.3048768499272962
887.0;2.3078984488343854
888.0;2.310757148597985
889.0;2.3134324678024614
890.0;2.315897974349297
891.0;2.3181361586785827
892.0;2.3201166137991507
893.0;2.321822502234558
894.0;2.323236984722289
895.0;2.324344706053526
896.0;2.3251317885730702
897.0;2.3255857483206865
898.0;2.3256955219548425
899.0;2.3254554156728515
900.0;2.324863911548853
901.0;2.3239188488592046
902.0;2.322618112711637
903.0;2.3209743700366703
904.0;2.318990801049973
905.0;2.3166758580775904
906.0;2.314042692924148
907.0;2.311107321793902
908.0;2.307888556394779
909.0;2.304419009604005
910.0;2.3007259941683027
911.0;2.2968449694218656
912.0;2.2928188856697727
913.0;2.288693028432762
914.0;2.284510810146152
915.0;2.2803168922946195
916.0;2.2761561264637935
917.0;2.2720761788129553
918.0;2.2681155232615784
919.0;2.2643221404391047
920.0;2.2607328412403818
921.0;2.2573856533924612
922.0;2.2543152954008607
923.0;2.25155152062361
924.0;2.249119530621745
925.0;2.2470385158570805
926.0;2.24532126452433
927.0;2.243983382528596
928.0;2.243023701820837
929.0;2.2424369945054465
930.0;2.242219303140769
931.0;2.242363008547652
932.0;2.2428625566980402
933.0;2.243711875582321
934.0;2.2449004541695072
935.0;2.2464156037834737
936.0;2.248239389258954
937.0;2.2503489491174613
938.0;2.2527191893142593
939.0;2.25532651321389
940.0;2.2581483852804785
941.0;2.261157081695429
942.0;2.264321665525916
943.0;2.2676223947379723
944.0;2.271039019941576
945.0;2.2745437440572362
946.0;2.278117410601975
947.0;2.281729606668089
948.0;2.285351294879983
949.0;2.2889560335563983
950.0;2.2925116809765895
951.0;2.2959993164296395
952.0;2.2993939764229543
953.0;2.302678442159467
954.0;2.305836359758813
955.0;2.3088565933631653
956.0;2.311725021954241
957.0;2.3144308964904354
958.0;2.3169678050424736
959.0;2.319325555523354
960.0;2.3214932268793755
961.0;2.323469513269907
962.0;2.32524768677932
963.0;2.3268207708432462
964.0;2.3281804205998604
965.0;2.3293156125232395
966.0;2.3302083970489313
967.0;2.330846065547076
968.0;2.3312132418074376
969.0;2.3312972707118904
970.0;2.3310880953324324
971.0;2.3305690987876684
972.0;2.3297296268509946
973.0;2.3285582476241857
974.0;2.3270530309870443
975.0;2.325210181319259
976.0;2.3230382815543598
977.0;2.3205487165517518
978.0;2.3177547596706307
979.0;2.3146807735852017
980.0;2.311355633963666
981.0;2.30781402183891
982.0;2.3040935480692735
983.0;2.3002408768482336
984.0;2.296305254301154
985.0;2.292329862816981
986.0;2.288361552784696
987.0;2.284447642309043
988.0;2.280629812635641
989.0;2.276951276944896
990.0;2.2734457400069474
991.0;2.270155276098647
992.0;2.2671102717532343
993.0;2.2643417036444986
994.0;2.261870540348685
995.0;2.259718200563192
996.0;2.257897768667529
997.0;2.256419152180029
998.0;2.2552813202948774
999.0;2.2544802201682823
1000.0;2.2540031112233274
1001.0;2.2538401431632766
1002.0;2.2539779616833346
1003.0;2.2544076692926494
1004.0;2.255120013272259
1005.0;2.2561069754849936
1006.0;2.257348545149531
1007.0;2.258834402275689
1008.0;2.26054869284598
1009.0;2.262474157522351
1010.0;2.2645930577571662
1011.0;2.2668838326263945
1012.0;2.2693219819394574
1013.0;2.271880481504464
1014.0;2.2745330492509264
1015.0;2.277253412859159
1016.0;2.2800167991220466
1017.0;2.28280159623719
1018.0;2.2855807713289824
1019.0;2.2883206431906453
1020.0;2.290992832040136
1021.0;2.2935780367053056
1022.0;2.296048041694363
1023.0;2.29838658046182
1024.0;2.3005829925440224
1025.0;2.3026408724940532
1026.0;2.304549001717019
1027.0;2.3063055100336043
1028.0;2.307915681449999
1029.0;2.3093883197893934
1030.0;2.310732044950542
1031.0;2.3119529875101725
1032.0;2.3130560410012837
1033.0;2.3140412360528337
1034.0;2.3149064017269203
1035.0;2.3156485110612754
1036.0;2.3162593653745445
1037.0;2.316725505858722
1038.0;2.3170285570993756
1039.0;2.317148803879322
1040.0;2.3170634995061743
1041.0;2.316752492521485
1042.0;2.3161942076060615
1043.0;2.3153712995107614
1044.0;2.314268597914641
1045.0;2.312881090277317
1046.0;2.3112117242329937
1047.0;2.309265707995128
1048.0;2.3070682206495974
1049.0;2.304633897865167
1050.0;2.3019876937141315
1051.0;2.299164963139293
1052.0;2.296194027882638
1053.0;2.293114451432627
1054.0;2.289965630242655
1055.0;2.2867905799107606
1056.0;2.2836350511332477
1057.0;2.280532077092489
1058.0;2.277527314020081
1059.0;2.2746552304810512
1060.0;2.271947652987473
1061.0;2.269444009428919
1062.0;2.2671651815967295
1063.0;2.2651300445832976
1064.0;2.2633587390706125
1065.0;2.2618607016265817
1066.0;2.2606398783529054
1067.0;2.2596982525991858
1068.0;2.2590307579717317
1069.0;2.2586239678844398
1070.0;2.2584664954601386
1071.0;2.2585430670410145
1072.0;2.2588398833153565
1073.0;2.2593439464690457
1074.0;2.2600433377522378
1075.0;2.260926268569149
1076.0;2.261982556020366
1077.0;2.2631994078002573
1078.0;2.264565714937932
1079.0;2.2660688683953714
1080.0;2.267694718095706
1081.0;2.269426112436891
1082.0;2.271243152558182
1083.0;2.2731259695786727
1084.0;2.2750555182169676
1085.0;2.2770128381065353
1086.0;2.2789855949261097
1087.0;2.28095942624032
1088.0;2.282911522369226
1089.0;2.2848209428967765
1090.0;2.2866698990215992
1091.0;2.288450270829512
1092.0;2.290147704998088
1093.0;2.291752841555273
1094.0;2.2932674434526295
1095.0;2.2946968727785833
1096.0;2.2960367277767455
1097.0;2.297294961821145
1098.0;2.29847904688361
1099.0;2.299590720914791
1100.0;2.300638686230916
1101.0;2.3016266644480314
1102.0;2.3025524344745687
1103.0;2.3034157376600097
1104.0;2.3042080165914247
1105.0;2.3049213169465754
1106.0;2.3055449036252336
1107.0;2.3060666402709438
1108.0;2.3064716799458473
1109.0;2.306745160915774
1110.0;2.306872803248968
1111.0;2.3068360132044092
1112.0;2.3066205507169655
1113.0;2.3062126650163646
1114.0;2.3056060542987167
1115.0;2.3047964738687496
1116.0;2.3037865781818567
1117.0;2.3025804371851737
1118.0;2.301186731881359
1119.0;2.29962082014833
1120.0;2.2979036179895442
1121.0;2.2960584971132385
1122.0;2.2941113576859
1123.0;2.2920886043680726
1124.0;2.2900256512534165
1125.0;2.2879544718372276
1126.0;2.2859052385804817
1127.0;2.283910584299864
1128.0;2.2819965696624105
1129.0;2.280188329735502
1130.0;2.278511282701825
1131.0;2.27697575509218
1132.0;2.2756066654463756
1133.0;2.2744095930056014
1134.0;2.2733959688866743
1135.0;2.2725675368624962
1136.0;2.2719261073976433
1137.0;2.2714649107312654
1138.0;2.27117393202318
1139.0;2.2710427927887706
1140.0;2.2710609092249405
1141.0;2.2712154741082746
1142.0;2.271494333326533
1143.0;2.2718831846718013
1144.0;2.2723731933424176
1145.0;2.2729517212094974
1146.0;2.2736108472429453
1147.0;2.274339079382741
1148.0;2.2751282405637383
1149.0;2.2759638798321284
1150.0;2.2768369651780938
1151.0;2.2777355591407287
1152.0;2.2786508491861666
1153.0;2.279571225666409
1154.0;2.2804845314380664
1155.0;2.2813855425682186
1156.0;2.2822680930241788
1157.0;2.28312228546481
1158.0;2.2839449321976506
1159.0;2.284725862890088
1160.0;2.2854673314233174
1161.0;2.2861691743647774
1162.0;2.28683262758657
1163.0;2.287462017715601
1164.0;2.288060658294447
1165.0;2.288638075292035
1166.0;2.289194306081398
1167.0;2.2897451649537217
1168.0;2.290291252125101
1169.0;2.2908366135090366
1170.0;2.2913842055777427
1171.0;2.291933539179224
1172.0;2.292483823462152
1173.0;2.2930326804505023
1174.0;2.293579783323399
1175.0;2.2941191540539
1176.0;2.2946450504561446
1177.0;2.2951458859950304
1178.0;2.295610846573051
1179.0;2.296026746824901
1180.0;2.296383206420582
1181.0;2.2966663034734047
1182.0;2.2968644639875433
1183.0;2.2969666829404862
1184.0;2.2969635893866385
1185.0;2.296848141374794
1186.0;2.296619217735882
1187.0;2.296279029903692
1188.0;2.2958331551237445
1189.0;2.295285177138705
1190.0;2.2946459310256433
1191.0;2.2939280924532937
1192.0;2.2931441712596223
1193.0;2.2923104401657186
1194.0;2.291443959656763
1195.0;2.2905588575474014
1196.0;2.289670848969079
1197.0;2.288796220957303
1198.0;2.2879473485428026
1199.0;2.287142056356616
1200.0;2.286387940049718
1201.0;2.2856962104662006
1202.0;2.285074328813397
1203.0;2.2845278184902926
1204.0;2.2840600434629015
1205.0;2.2836719774843637
1206.0;2.283362022248304
1207.0;2.283127606364888
1208.0;2.2829654380343234
1209.0;2.282868836529655
1210.0;2.282833085264734
1211.0;2.2828515250846624
1212.0;2.2829171176692435
1213.0;2.283019626165669
1214.0;2.283151430342512
1215.0;2.283301694812826
1216.0;2.2834615169870762
1217.0;2.2836216446791093
1218.0;2.2837736868201883
1219.0;2.283909427110391
1220.0;2.284025028995673
1221.0;2.284113747053606
1222.0;2.284172289865862
1223.0;2.2842000238003806
1224.0;2.2841982636928617
1225.0;2.284170019574069
1226.0;2.284119615832581
1227.0;2.284050439751819
1228.0;2.2839692692547895
1229.0;2.283882152801055
1230.0;2.28379541681426
1231.0;2.2837141567856185
1232.0;2.2836444349240166
1233.0;2.283598100048575
1234.0;2.283577718834336
1235.0;2.283589067666719
1236.0;2.283637184549617
1237.0;2.2837265233431476
1238.0;2.2838606580749423
1239.0;2.28404501734552
1240.0;2.2842758346763348
1241.0;2.284557068764144
1242.0;2.2848885763924938
1243.0;2.2852682916430687
1244.0;2.2856937136997626
1245.0;2.2861609710810393
1246.0;2.286664696200619
1247.0;2.287198581809034
1248.0;2.2877562942411274
1249.0;2.28833109125997
1250.0;2.2889169537166696
1251.0;2.2895057362280635
1252.0;2.290091601920581
1253.0;2.2906679612581837
1254.0;2.2912305957686656
1255.0;2.291775017317143
1256.0;2.292298623481429
1257.0;2.2927988963277803
1258.0;2.2932732404422813
1259.0;2.293719411779018
1260.0;2.294135431555626
1261.0;2.294518543069774
1262.0;2.2948683791839004
1263.0;2.2951852894008695
1264.0;2.295469906734698
1265.0;2.295722149119194
1266.0;2.2959423234229996
1267.0;2.2961305579078624
1268.0;2.2962847877089985
1269.0;2.2964093761510607
1270.0;2.296499295737909
1271.0;2.29655372902794
1272.0;2.2965716421560716
1273.0;2.296551158536747
1274.0;2.2964911026170394
1275.0;2.2963887678816954
1276.0;2.29624168701008
1277.0;2.296046720586366
1278.0;2.29580112848597
1279.0;2.2955017847223176
1280.0;2.2951470894378487
1281.0;2.2947354745320427
1282.0;2.2942665022683912
1283.0;2.2937394316851867
1284.0;2.293155076509878
1285.0;2.2925142440638995
1286.0;2.291819875933924
1287.0;2.2910754692845225
1288.0;2.290287097830346
1289.0;2.289461007782379
1290.0;2.288604605011365
1291.0;2.2877252411957967
1292.0;2.2868327258882246
1293.0;2.2859362282804314
1294.0;2.2850455106949377
1295.0;2.2841707295232063
1296.0;2.2833222117182994
1297.0;2.282509181342549
1298.0;2.281741941518249
1299.0;2.281028954500905
1300.0;2.2803774412158733
1301.0;2.2797953997268134
1302.0;2.2792870159043472
1303.0;2.2788625040135373
1304.0;2.27852311981641
1305.0;2.2782724056315726
1306.0;2.2781138675539463
1307.0;2.2780499317041656
1308.0;2.278081262740985
1309.0;2.2782081157294933
1310.0;2.2784299495980167
1311.0;2.2787443198027453
1312.0;2.279147138304038
1313.0;2.2796338813766823
1314.0;2.2802000708668086
1315.0;2.280839618578314
1316.0;2.281546826898409
1317.0;2.282315959070071
1318.0;2.283139686180778
1319.0;2.284010413373767
1320.0;2.284920925760038
1321.0;2.285862296346219
1322.0;2.2868267210971545
1323.0;2.287806144501219
1324.0;2.288792499424281
1325.0;2.289778025947534
1326.0;2.2907553222017065
1327.0;2.2917168114048576
1328.0;2.292654915610672
1329.0;2.2935633035869274
1330.0;2.2944360804295756
1331.0;2.2952678175834222
1332.0;2.2960519186941752
1333.0;2.2967873646888712
1334.0;2.2974668423861733
1335.0;2.298085878796801
1336.0;2.2986405103551193
1337.0;2.299126092681544
1338.0;2.2995388268965895
1339.0;2.2998750861867747
1340.0;2.3001329087098163
1341.0;2.300309662163363
1342.0;2.300403048725423
1343.0;2.3004115416055537
1344.0;2.3003335726577316
1345.0;2.3001690041388736
1346.0;2.2999177800364934
1347.0;2.299580022754746
1348.0;2.2991566975780597
1349.0;2.2986486097572634
1350.0;2.298057871154959
1351.0;2.297387145695178
1352.0;2.2966412664466502
1353.0;2.2958249288229196
1354.0;2.294942910129703
1355.0;2.294001945033445
1356.0;2.2930091781315673
1357.0;2.291972317109216
1358.0;2.2909007705099134
1359.0;2.2898037617936824
1360.0;2.288691222775156
1361.0;2.2875711711974698
1362.0;2.286458174388226
1363.0;2.2853589375599555
1364.0;2.284282477274862
1365.0;2.2832382666277637
1366.0;2.282235734947465
1367.0;2.2812849283153773
1368.0;2.280394310531461
1369.0;2.279571730255234
1370.0;2.2788238104513137
1371.0;2.278158081877428
1372.0;2.2775802312827835
1373.0;2.277097376903882
1374.0;2.2767142338217763
1375.0;2.2764346477940682
1376.0;2.2762621322986765
1377.0;2.2761981500841237
1378.0;2.2762443467644125
1379.0;2.276400557564724
1380.0;2.276666101129901
1381.0;2.2770388052988704
1382.0;2.2775157823781753
1383.0;2.2780927322595286
1384.0;2.278764708727292
1385.0;2.2795255388185836
1386.0;2.280367393168002
1387.0;2.281279782180512
1388.0;2.2822567581586837
1389.0;2.283286647913838
1390.0;2.2843598678674066
1391.0;2.2854661490458548
1392.0;2.2865959002522582
1393.0;2.287738582484288
1394.0;2.2888844471473027
1395.0;2.290024144184232
1396.0;2.2911481254519366
1397.0;2.29224816331516
1398.0;2.2933146222250134
1399.0;2.2943409741483554
1400.0;2.295319311312856
1401.0;2.2962447688362686
1402.0;2.297110826928249
1403.0;2.2979106440803623
1404.0;2.298638810188467
1405.0;2.2992910620094316
1406.0;2.299861156094042
1407.0;2.3003448126553283
1408.0;2.3007385179990303
1409.0;2.301038581717358
1410.0;2.301242552936278
1411.0;2.301348172523277
1412.0;2.3013536305644227
1413.0;2.3012576362195225
1414.0;2.30105943622134
1415.0;2.300759839710904
1416.0;2.300361184369382
1417.0;2.2998654808916217
1418.0;2.2992737250422994
1419.0;2.2985923298068838
1420.0;2.2978229174080465
1421.0;2.296970440411809
1422.0;2.2960404268722097
1423.0;2.2950378157445206
1424.0;2.293970611367432
1425.0;2.2928450544289003
1426.0;2.2916701950770757
1427.0;2.290451522022693
1428.0;2.2891998204397153
1429.0;2.287925123084914
1430.0;2.2866386364921776
1431.0;2.285350569753168
1432.0;2.284070194050585
1433.0;2.282809235668081
1434.0;2.2815776746093963
1435.0;2.280385119111899
1436.0;2.279243824773123
1437.0;2.2781656458621904
1438.0;2.2771613210443697
1439.0;2.2762440266231185
1440.0;2.275423908377663
1441.0;2.274711350795053
1442.0;2.274118157794817
1443.0;2.2736525440744773
1444.0;2.27332312049573
1445.0;2.273135302546098
1446.0;2.273093594338585
1447.0;2.2732010284797326
1448.0;2.2734602814007774
1449.0;2.273869184639501
1450.0;2.2744234831737966
1451.0;2.275117143121634
1452.0;2.275942686552483
1453.0;2.2768901353748614
1454.0;2.2779468267303744
1455.0;2.2790969368928735
1456.0;2.2803250707977227
1457.0;2.2816149024793355
1458.0;2.2829494868416442
1459.0;2.2843107344732156
1460.0;2.2856839189153484
1461.0;2.287052745163803
1462.0;2.2884053556267663
1463.0;2.289728371862563
1464.0;2.291010001262404
1465.0;2.29224113821288
1466.0;2.2934138157352995
1467.0;2.294517209991076
1468.0;2.295545332822601
1469.0;2.296489915464186
1470.0;2.2973435038764025
1471.0;2.298101110018982
1472.0;2.298759334471698
1473.0;2.299312988012721
1474.0;2.2997579034811104
1475.0;2.3000885208693367
1476.0;2.300308306010382
1477.0;2.3004121621638594
1478.0;2.300402362925814
1479.0;2.300280211004314
1480.0;2.300048614435353
1481.0;2.2997105626848025
1482.0;2.2992698407551004
1483.0;2.2987319863691664
1484.0;2.2981036308056253
1485.0;2.2973902458586357
1486.0;2.2965975668025114
1487.0;2.295730673501911
1488.0;2.294797465814448
1489.0;2.293803400270964
1490.0;2.292754628467341
1491.0;2.29165875262539
1492.0;2.2905244508438036
1493.0;2.2893603078260005
1494.0;2.2881740666816746
1495.0;2.286974816882445
1496.0;2.285771323750961
1497.0;2.284571390023417
1498.0;2.283384256736077
1499.0;2.2822182023815394
1500.0;2.2810839877615936
1501.0;2.279991077022778
1502.0;2.278950037907651
1503.0;2.277971125203592
1504.0;2.277062187720418
1505.0;2.276238991214477
1506.0;2.275508169583444
1507.0;2.2748822488387406
1508.0;2.274370566948347
1509.0;2.2739821437140444
1510.0;2.273726353849588
1511.0;2.273610171600733
1512.0;2.2736382788126175
1513.0;2.2738128729173672
1514.0;2.2741346417931103
1515.0;2.2746014515660677
1516.0;2.275208585333994
1517.0;2.2759517912532634
1518.0;2.2768218253433936
1519.0;2.2778064770193267
1520.0;2.2788919106133054
1521.0;2.2800621928005795
1522.0;2.2812999943472403
1523.0;2.28258742279466
1524.0;2.2839067429104944
1525.0;2.2852410948505337
1526.0;2.2865728476969003
1527.0;2.2878848357790758
1528.0;2.2891629291794215
1529.0;2.290393465062466
1530.0;2.2915661123809943
1531.0;2.292669764469809
1532.0;2.2936971132849204
1533.0;2.294639741692634
1534.0;2.2954891042988024
1535.0;2.2962422714820088
1536.0;2.296892465229955
1537.0;2.2974416602173187
1538.0;2.2978844074568556
1539.0;2.2982187835211603
1540.0;2.298444020642033
1541.0;2.2985593941889255
1542.0;2.2985666938519023
1543.0;2.298470031386205
1544.0;2.2982752792733128
1545.0;2.2979883203781135
1546.0;2.297617133575039
1547.0;2.2971684617520998
1548.0;2.2966502813264844
1549.0;2.296069502171
1550.0;2.2954342931264056
1551.0;2.2947506217914677
1552.0;2.2940228182592164
1553.0;2.2932558500702633
1554.0;2.2924547595539546
1555.0;2.2916217270920876
1556.0;2.290761229232048
1557.0;2.289877353172401
1558.0;2.2889746285167205
1559.0;2.288057422993253
1560.0;2.2871325033429044
1561.0;2.2862045343556767
1562.0;2.285276959106398
1563.0;2.284356707007179
1564.0;2.2834491117282383
1565.0;2.282560944413776
1566.0;2.2817024515933406
1567.0;2.280878958645726
1568.0;2.2801053155297093
1569.0;2.2793861750368993
1570.0;2.278730548259456
1571.0;2.2781503778036
1572.0;2.277655354493768
1573.0;2.2772548697542043
1574.0;2.276959339388305
1575.0;2.2767775139237894
1576.0;2.2767150794473845
1577.0;2.276778310291943
1578.0;2.276971174461185
1579.0;2.2772928674153934
1580.0;2.2777421253632055
1581.0;2.2783144597940854
1582.0;2.279002933629053
1583.0;2.279798208118824
1584.0;2.280690618987895
1585.0;2.2816666657841704
1586.0;2.2827126697215143
1587.0;2.2838116127237553
1588.0;2.284947311219984
1589.0;2.28610117400974
1590.0;2.2872573738284228
1591.0;2.2883998913136927
1592.0;2.289512963565429
1593.0;2.2905860230572346
1594.0;2.2916064883168863
1595.0;2.2925620832293476
1596.0;2.293445414032539
1597.0;2.29425081801133
1598.0;2.294969871925582
1599.0;2.295603708634833
1600.0;2.296143805783034
1601.0;2.2965863270724083
1602.0;2.2969320126863244
1603.0;2.2971787894031364
1604.0;2.297327228223592
1605.0;2.297376772223496
1606.0;2.2973299423648377
1607.0;2.2971898955991317
1608.0;2.296963320028912
1609.0;2.296656157908001
1610.0;2.2962760775464783
1611.0;2.2958314136129445
1612.0;2.295330184038279
1613.0;2.2947807463784815
1614.0;2.294191832932887
1615.0;2.2935702196184145
1616.0;2.2929242370926413
1617.0;2.2922592600075724
1618.0;2.291579611876899
1619.0;2.290887620198511
1620.0;2.2901858530103896
1621.0;2.2894780728052457
1622.0;2.288767396472326
1623.0;2.28805638693154
1624.0;2.287344961863999
1625.0;2.286637663678104
1626.0;2.2859352221226823
1627.0;2.285241102971254
1628.0;2.2845604609187555
1629.0;2.2838968961672412
1630.0;2.2832565531781266
1631.0;2.282643545842973
1632.0;2.2820658761114707
1633.0;2.2815284981311073
1634.0;2.2810388301967226
1635.0;2.2806038955005445
1636.0;2.280230414149328
1637.0;2.27992462535095
1638.0;2.279694118545444
1639.0;2.2795442091017604
1640.0;2.279480593755074
1641.0;2.2795086676641927
1642.0;2.2796299698607423
1643.0;2.279843579828804
1644.0;2.2801497609433863
1645.0;2.280544761153348
1646.0;2.2810252957748163
1647.0;2.2815850716820596
1648.0;2.282217633795737
1649.0;2.2829139229830058
1650.0;2.2836654344693526
1651.0;2.284460413579375
1652.0;2.285286034285269
1653.0;2.28613373125387
1654.0;2.2869880670477065
1655.0;2.2878365648095964
1656.0;2.2886679199048507
1657.0;2.2894719219273565
1658.0;2.2902376484514897
1659.0;2.290957929387124
1660.0;2.2916252761368487
1661.0;2.2922334791376096
1662.0;2.2927791628126917
1663.0;2.2932578489310176
1664.0;2.2936672175457122
1665.0;2.2940039684992195
1666.0;2.294267034958048
1667.0;2.2944538681134676
1668.0;2.2945650476405333
1669.0;2.294601805688564
1670.0;2.2945661857145323
1671.0;2.2944614736604994
1672.0;2.2942898899886672
1673.0;2.294054864970965
1674.0;2.2937617468776486
1675.0;2.293414945407254
1676.0;2.2930224744173713
1677.0;2.2925904438782694
1678.0;2.2921266167481558
1679.0;2.291636067364185
1680.0;2.2911259879471437
1681.0;2.29059931022184
1682.0;2.2900611817582877
1683.0;2.2895128568669474
1684.0;2.2889626213866694
1685.0;2.28840916874282
1686.0;2.287855684145246
1687.0;2.2873036802227418
1688.0;2.2867546900861453
1689.0;2.2862105262929706
1690.0;2.285674147895447
1691.0;2.285144816737305
1692.0;2.2846265089489917
1693.0;2.2841222212659384
1694.0;2.2836343686607656
1695.0;2.283163477011328
1696.0;2.2827163161312374
1697.0;2.2822963336341227
1698.0;2.2819094575355283
1699.0;2.281561131974831
1700.0;2.2812590154871777
1701.0;2.2810083951639974
1702.0;2.280816354382632
1703.0;2.2806878284141594
1704.0;2.280628950220211
1705.0;2.2806435286228997
1706.0;2.2807360797943192
1707.0;2.280907513280054
1708.0;2.2811603430149243
1709.0;2.281492336209732
1710.0;2.2819030463159944
1711.0;2.282390885467314
1712.0;2.282951093973269
1713.0;2.2835766695550177
1714.0;2.2842611625841736
1715.0;2.2849949577961697
1716.0;2.2857694192413405
1717.0;2.286570176521743
1718.0;2.2873925028300657
1719.0;2.288220471395118
1720.0;2.289042686636399
1721.0;2.2898464365941047
1722.0;2.290621348611932
1723.0;2.2913563275549267
1724.0;2.2920435024975756
1725.0;2.292676312689696
1726.0;2.2932491792983027
1727.0;2.293755919595432
1728.0;2.2941935045726187
1729.0;2.29455641475364
1730.0;2.2948423876901125
1731.0;2.2950479904334165
1732.0;2.2951707397293464
1733.0;2.2952104919457077
1734.0;2.2951675435994687
1735.0;2.295042902836663
1736.0;2.2948392091783067
1737.0;2.2945592864669995
1738.0;2.294208632832147
1739.0;2.293792229736224
1740.0;2.2933183900775087
1741.0;2.2927938491674262
1742.0;2.2922273219685247
1743.0;2.2916263125912515
1744.0;2.290999007240104
1745.0;2.2903517762862546
1746.0;2.2896914204060295
1747.0;2.289024479930765
1748.0;2.28835839743292
1749.0;2.2876991804975955
1750.0;2.2870495922407605
1751.0;2.2864193733199047
1752.0;2.28580975212286
1753.0;2.285224974727193
1754.0;2.284668570217427
1755.0;2.28414282175928
1756.0;2.283652459522872
1757.0;2.2832010020826368
1758.0;2.2827915386789375
1759.0;2.28242593805266
1760.0;2.282108203154978
1761.0;2.2818399064772903
1762.0;2.2816256135660526
1763.0;2.2814689184806953
1764.0;2.28137569594738
1765.0;2.2813483901742186
1766.0;2.281390075995388
1767.0;2.2815031951772293
1768.0;2.2816880330946234
1769.0;2.2819444902539794
1770.0;2.2822716524952718
1771.0;2.282667241102945
1772.0;2.283128525932793
1773.0;2.283649994783114
1774.0;2.2842283446434957
1775.0;2.284854659359363
1776.0;2.285523575462767
1777.0;2.2862261331127254
1778.0;2.286953285364332
1779.0;2.287693354837262
1780.0;2.288442712007945
1781.0;2.2891880051732048
1782.0;2.2899205728623224
1783.0;2.290629201240995
1784.0;2.291304228555593
1785.0;2.291936374726724
1786.0;2.2925190110589972
1787.0;2.2930443964712057
1788.0;2.2935081595779714
1789.0;2.293904076432038
1790.0;2.29422982901694
1791.0;2.29448262384027
1792.0;2.294661314182955
1793.0;2.2947635849877885
1794.0;2.294789911638651
1795.0;2.294739710905052
1796.0;2.2946142971347827
1797.0;2.2944161254028774
1798.0;2.2941489483806974
1799.0;2.2938161065053855
1800.0;2.2934226405526683
1801.0;2.292973748763595
1802.0;2.292474529011645
1803.0;2.291931862289919
1804.0;2.291352992588642
1805.0;2.2907450217927408
1806.0;2.290115517064224
1807.0;2.289470871407563
1808.0;2.2888174638856507
1809.0;2.2881605675668237
1810.0;2.287504784953015
1811.0;2.286853375600932
1812.0;2.2862171781361007
1813.0;2.2855965864368835
1814.0;2.284995163148
1815.0;2.2844159812926947
1816.0;2.2838640200743243
1817.0;2.28334140263497
1818.0;2.282852296368404
1819.0;2.28239855398091
1820.0;2.2819851129716846
1821.0;2.2816133119884574
1822.0;2.281287843968885
1823.0;2.2810109413511337
1824.0;2.2807868959402193
1825.0;2.280618960071839
1826.0;2.280512058366958
1827.0;2.280469117086948
1828.0;2.280494497384036
1829.0;2.280591029766658
1830.0;2.280762729923109
1831.0;2.281009780235521
1832.0;2.2813343684143623
1833.0;2.2817355363333918
1834.0;2.282212158309468
1835.0;2.282761265751184
1836.0;2.283379513358683
1837.0;2.2840609078724974
1838.0;2.284799450497048
1839.0;2.2855849534257855
1840.0;2.2864138960144604
1841.0;2.287274097963678
1842.0;2.2881562894037875
1843.0;2.2890500058347607
1844.0;2.289944755138404
1845.0;2.290829512049772
1846.0;2.2916943744695843
1847.0;2.2925280456286687
1848.0;2.293320618542842
1849.0;2.2940639428371976
1850.0;2.2947497977507427
1851.0;2.2953704208174157
1852.0;2.295919262538989
1853.0;2.2963925617683554
1854.0;2.2967867251481175
1855.0;2.2970985875254435
1856.0;2.2973254252479705
1857.0;2.297466218383283
1858.0;2.2975201279724202
1859.0;2.297486985308836
1860.0;2.297368417980059
1861.0;2.2971658192552527
1862.0;2.2968816708958264
1863.0;2.2965184851126863
1864.0;2.2960816390025167
1865.0;2.2955760756814616
1866.0;2.2950084398592714
1867.0;2.2943844573368493
1868.0;2.2937070499818777
1869.0;2.292990010386746
1870.0;2.2922370447552516
1871.0;2.291454051335073
1872.0;2.290649436394065
1873.0;2.2898298117569293
1874.0;2.2890019702286355
1875.0;2.2881714575883643
1876.0;2.28734523640577
1877.0;2.2865282254467902
1878.0;2.2857282638642062
1879.0;2.2849495579744774
1880.0;2.2841990724859036
1881.0;2.283481451841669
1882.0;2.282801776985336
1883.0;2.2821648297239006
1884.0;2.281576531712326
1885.0;2.2810399769799568
1886.0;2.2805614494939626
1887.0;2.2801470252147773
1888.0;2.2798010711481203
1889.0;2.279527744820328
1890.0;2.2793313667908306
1891.0;2.279215378941786
1892.0;2.279183706571389
1893.0;2.279238884152486
1894.0;2.279385627573669
1895.0;2.2796214989369354
1896.0;2.2799467407749123
1897.0;2.2803593295688342
1898.0;2.2808564691438633
1899.0;2.2814330465174195
1900.0;2.28208414928976
1901.0;2.2828019246243865
1902.0;2.283577393729744
1903.0;2.2844010117093534
1904.0;2.2852628814722706
1905.0;2.28615292306892
1906.0;2.2870610123650255
1907.0;2.287977193543929
1908.0;2.2888920680579545
1909.0;2.2897939988430047
1910.0;2.29067426090628
1911.0;2.291523946685422
1912.0;2.292336416901913
1913.0;2.2931036783067613
1914.0;2.29381871933132
1915.0;2.2944778120052005
1916.0;2.295075342824871
1917.0;2.2956077625710196
1918.0;2.2960706110312183
1919.0;2.2964599036978455
1920.0;2.296774543813159
1921.0;2.297011997786132
1922.0;2.2971695370411127
1923.0;2.297246374929517
1924.0;2.297240100563853
1925.0;2.2971560808752325
1926.0;2.296993131709253
1927.0;2.296752581545581
1928.0;2.2964388352564735
1929.0;2.296058015867471
1930.0;2.2956106551484945
1931.0;2.2951034751893604
1932.0;2.2945422373316817
1933.0;2.293932546558811
1934.0;2.2932814708709435
1935.0;2.2925947169131593
1936.0;2.2918769390503275
1937.0;2.2911337575730677
1938.0;2.2903706437288625
1939.0;2.2895930400691866
1940.0;2.2888059431558223
1941.0;2.2880136913409235
1942.0;2.287220877208026
1943.0;2.286431517019323
1944.0;2.2856501638425186
1945.0;2.2848822314349384
1946.0;2.2841321312187413
1947.0;2.2834034052859415
1948.0;2.2827024197883885
1949.0;2.282032815808681
1950.0;2.2814026698940593
1951.0;2.2808182787728413
1952.0;2.2802865619738864
1953.0;2.279812520116523
1954.0;2.279404587134672
1955.0;2.2790679409521806
1956.0;2.2788073350054114
1957.0;2.2786326218154307
1958.0;2.2785458139698687
1959.0;2.2785510323812765
1960.0;2.278651819606668
1961.0;2.278850186427949
1962.0;2.2791472235210692
1963.0;2.279540422839088
1964.0;2.280026874042132
1965.0;2.280600944944963
1966.0;2.281256203961841
1967.0;2.2819842943740385
1968.0;2.282776603273303
1969.0;2.283624087678034
1970.0;2.284515652520437
1971.0;2.285439032194035
1972.0;2.2863836762906162
1973.0;2.287337607853262
1974.0;2.2882906200288105
1975.0;2.289230987818894
1976.0;2.2901490768615806
1977.0;2.291035219587821
1978.0;2.2918830034186595
1979.0;2.2926850138432617
1980.0;2.293435117667387
1981.0;2.2941271597116324
1982.0;2.294757007355917
1983.0;2.2953182301033777
1984.0;2.2958068673065024
1985.0;2.2962173275745
1986.0;2.2965468830303157
1987.0;2.2967914202138004
1988.0;2.2969495942855445
1989.0;2.2970190363990834
1990.0;2.296997984494185
1991.0;2.29689166170226
1992.0;2.2966990390189075
1993.0;2.2964230344737047
1994.0;2.2960683237675124
1995.0;2.295638042856345
1996.0;2.295138446733402
1997.0;2.2945735820273088
1998.0;2.2939504714933787
1999.0;2.2932756204294873
2000.0;2.2925556566026657
2001.0;2.2917946441941384
2002.0;2.2909991369985967
2003.0;2.290173826692987
2004.0;2.2893264485629583
2005.0;2.288462101975227
2006.0;2.2875875845063045
2007.0;2.286708776551901
2008.0;2.2858330334771653
2009.0;2.2849654301109115
2010.0;2.284113015365575
2011.0;2.283281926851279
2012.0;2.28248032685195
2013.0;2.281715376536836
2014.0;2.2809935177280773
2015.0;2.2803215028026877
2016.0;2.2797094607528425
2017.0;2.2791631729908803
2018.0;2.2786915619889005
2019.0;2.278301545852283
2020.0;2.27799734344595
2021.0;2.27778893538322
2022.0;2.277678239715557
2023.0;2.277667843132429
2024.0;2.2777609922146076
2025.0;2.2779578808045
2026.0;2.2782581391001413
2027.0;2.2786590487774876
2028.0;2.27915670347365
2029.0;2.2797445864641985
2030.0;2.280414352145241
2031.0;2.2811568877623247
2032.0;2.281964193492997
2033.0;2.282824011550374
2034.0;2.283725805002611
2035.0;2.2846565761223085
2036.0;2.2856047294310993
2037.0;2.2865584682594684
2038.0;2.287504731479687
2039.0;2.288432074907405
2040.0;2.289332591481025
2041.0;2.290196104495201
2042.0;2.29101620513082
2043.0;2.2917873512928892
2044.0;2.292505773859983
2045.0;2.2931648433228626
2046.0;2.293763522858426
2047.0;2.2942979892662603
2048.0;2.2947665407221636
2049.0;2.2951657911792727
2050.0;2.2954956241330544
2051.0;2.2957544391060503
2052.0;2.295943970619876
2053.0;2.2960608826702043
2054.0;2.296111200074265
2055.0;2.29609235461101
2056.0;2.296007715890298
2057.0;2.2958597431871364
2058.0;2.2956534330082903
2059.0;2.295391837207299
2060.0;2.2950782012988897
2061.0;2.2947169268890444
2062.0;2.2943121341883845
2063.0;2.2938667112418227
2064.0;2.293385187949499
2065.0;2.292869211617235
2066.0;2.2923228463218583
2067.0;2.291748613256299
2068.0;2.2911504799635147
2069.0;2.2905294863563093
2070.0;2.28989063834139
2071.0;2.2892361644952492
2072.0;2.2885688576451138
2073.0;2.2878905483566423
2074.0;2.2872063839912062
2075.0;2.2865191090958814
2076.0;2.285833957673556
2077.0;2.285154794285011
2078.0;2.2844867628661225
2079.0;2.283835640594152
2080.0;2.2832082652483323
2081.0;2.2826107877610107
2082.0;2.2820509010960914
2083.0;2.2815352487280456
2084.0;2.2810713760890375
2085.0;2.2806650762926224
2086.0;2.2803298840615924
2087.0;2.2800665674752443
2088.0;2.279882816764017
2089.0;2.279782835785774
2090.0;2.2797713035764495
2091.0;2.279850323798262
2092.0;2.280021281346621
2093.0;2.2802825538989704
2094.0;2.280632647776699
2095.0;2.2810680098805314
2096.0;2.281583312646228
2097.0;2.2821724045214298
2098.0;2.2828269753913424
2099.0;2.2835375084500815
2100.0;2.2842934327097413
2101.0;2.2850833524647283
2102.0;2.2858977947655728
2103.0;2.2867253872471185
2104.0;2.287554276739709
2105.0;2.288373256637244
2106.0;2.289172101727362
2107.0;2.289943437615353
2108.0;2.290678852793574
2109.0;2.291369813024361
2110.0;2.2920110028790357
2111.0;2.2925973179493
2112.0;2.293125698953601
2113.0;2.2935908356933457
2114.0;2.29398920797156
2115.0;2.294317998508686
2116.0;2.29457281541919
2117.0;2.294757253985618
2118.0;2.294867615878354
2119.0;2.2949038143242957
2120.0;2.2948678208082307
2121.0;2.2947611894580597
2122.0;2.294587312967954
2123.0;2.2943507763761968
2124.0;2.2940566254907737
2125.0;2.293708840318241
2126.0;2.2933131499668153
2127.0;2.292873867702763
2128.0;2.2923984029266404
2129.0;2.2918914248483735
2130.0;2.291359009616079
2131.0;2.2908058916083704
2132.0;2.2902371707007854
2133.0;2.289657472260834
2134.0;2.289071866678142
2135.0;2.2884838723064065
2136.0;2.287897006191143
2137.0;2.2873140650466204
2138.0;2.2867408885197897
2139.0;2.286179924896297
2140.0;2.2856365012067177
2141.0;2.2851130822302386
2142.0;2.2846147426223093
2143.0;2.2841433668424247
2144.0;2.2837010996875287
2145.0;2.2832975680143672
2146.0;2.282934922352876
2147.0;2.2826174310718605
2148.0;2.282351034192265
2149.0;2.2821403588316724
2150.0;2.281990116806765
2151.0;2.2819044704978313
2152.0;2.281886757032632
2153.0;2.2819391517577516
2154.0;2.282063827726062
2155.0;2.2822601585856606
2156.0;2.282528395088146
2157.0;2.2828645821208613
2158.0;2.283264342782691
2159.0;2.2837208609683812
2160.0;2.2842272258417147
2161.0;2.2847751966563807
2162.0;2.285357707780793
2163.0;2.285966514290274
2164.0;2.286593366129338
2165.0;2.287227806180832
2166.0;2.28786163811575
2167.0;2.2884848318199977
2168.0;2.289088838628465
2169.0;2.2896652607790178
2170.0;2.290208838263157
2171.0;2.2907133805468556
2172.0;2.291174480965655
2173.0;2.291587006790519
2174.0;2.2919486120419124
2175.0;2.2922559762668775
2176.0;2.2925128429121706
2177.0;2.2927141606307555
2178.0;2.292859279203673
2179.0;2.292946647586919
2180.0;2.2929762869454318
2181.0;2.2929486023064203
2182.0;2.2928662984355372
2183.0;2.292729573743552
2184.0;2.2925401663000606
2185.0;2.292300745852653
2186.0;2.292014585360733
2187.0;2.291685099701711
2188.0;2.2913161956327146
2189.0;2.290910841590139
2190.0;2.290474362019924
2191.0;2.290011304687449
2192.0;2.2895277630769857
2193.0;2.289028217087839
2194.0;2.28851790669329
2195.0;2.2879999968807816
2196.0;2.287479717599131
2197.0;2.2869603471393027
2198.0;2.286446678527583
2199.0;2.2859401991367005
2200.0;2.2854440459112206
2201.0;2.2849609318584054
2202.0;2.284494232591814
2203.0;2.2840460159636837
2204.0;2.2836195944526563
2205.0;2.283218234481537
2206.0;2.282844376652412
2207.0;2.282500074473786
2208.0;2.2821900092019867
2209.0;2.281914655145857
2210.0;2.2816841012880484
2211.0;2.2814989320762273
2212.0;2.2813634063072272
2213.0;2.2812820123928494
2214.0;2.281259046523064
2215.0;2.2812975223238783
2216.0;2.28140170967717
2217.0;2.2815739967741693
2218.0;2.2818163027948146
2219.0;2.282128224043759
2220.0;2.2825106415013523
2221.0;2.2829599556384923
2222.0;2.283474381022097
2223.0;2.284048607080282
2224.0;2.284679416580588
2225.0;2.285358745349124
2226.0;2.2860790828231603
2227.0;2.2868332566269687
2228.0;2.2876128702115683
2229.0;2.288407285704678
2230.0;2.2892076905901577
2231.0;2.2900024268123977
2232.0;2.2907821932498114
2233.0;2.291536710628427
2234.0;2.2922571871124275
2235.0;2.292934617433424
2236.0;2.293561757702041
2237.0;2.294131306795646
2238.0;2.2946389305822574
2239.0;2.295078546219823
2240.0;2.2954452904818097
2241.0;2.295735250368463
2242.0;2.295946088368999
2243.0;2.2960746986110756
2244.0;2.2961189008072465
2245.0;2.2960780230516136
2246.0;2.2959543946544105
2247.0;2.295745218041977
2248.0;2.2954524563875474
2249.0;2.295079383250607
2250.0;2.29463178862304
2251.0;2.2941138023583854
2252.0;2.293532907720021
2253.0;2.2928963718656052
2254.0;2.2922126784945323
2255.0;2.2914907548537524
2256.0;2.290739858972716
2257.0;2.2899686942416526
2258.0;2.2891847192648767
2259.0;2.288393970712126
2260.0;2.287604304598062
2261.0;2.28682078341136
2262.0;2.2860488498195526
2263.0;2.2852925653972718
2264.0;2.2845567214358264
2265.0;2.28384413404005
2266.0;2.2831585148800713
2267.0;2.2825022852461623
2268.0;2.2818810173449053
2269.0;2.2812978702034314
2270.0;2.280757747527457
2271.0;2.2802647232498177
2272.0;2.2798237667738026
2273.0;2.2794397625804477
2274.0;2.2791201153478564
2275.0;2.2788674489686245
2276.0;2.278692708674653
2277.0;2.2785981225727805
2278.0;2.2785885952641096
2279.0;2.2786677640418223
2280.0;2.2788396758998455
2281.0;2.27910501954203
2282.0;2.2794650500807863
2283.0;2.27991596365006
2284.0;2.280455349977016
2285.0;2.2810774532577973
2286.0;2.2817769851298007
2287.0;2.282544489195289
2288.0;2.283370739793942
2289.0;2.2842448542092146
2290.0;2.285157124871345
2291.0;2.286095151636173
2292.0;2.287049163134888
2293.0;2.288005614823304
2294.0;2.28895251757461
2295.0;2.2898759452295154
2296.0;2.290765455480069
2297.0;2.291610236642801
2298.0;2.292402346917764
2299.0;2.293133327520839
2300.0;2.2937967261271632
2301.0;2.294387026267354
2302.0;2.294901898506634
2303.0;2.2953368909386445
2304.0;2.2956900548169616
2305.0;2.2959597812665504
2306.0;2.2961466087254987
2307.0;2.2962472214798995
2308.0;2.296267720398475
2309.0;2.2962063053529045
2310.0;2.2960663483139445
2311.0;2.2958501591357328
2312.0;2.295562456192007
2313.0;2.295206296927196
2314.0;2.294787608466104
2315.0;2.294311314239763
2316.0;2.293783690088578
2317.0;2.293211914903066
2318.0;2.292602513467738
2319.0;2.291961209841329
2320.0;2.2912945907830133
2321.0;2.290608156624343
2322.0;2.2899077913716166
2323.0;2.289198658042089
2324.0;2.288487025813223
2325.0;2.2877768752465903
2326.0;2.2870735586028683
2327.0;2.286379816188218
2328.0;2.2857003696682203
2329.0;2.2850374654011634
2330.0;2.284395510308503
2331.0;2.283776186572995
2332.0;2.283182836433109
2333.0;2.2826181216326527
2334.0;2.2820864926418327
2335.0;2.281589686387219
2336.0;2.2811339927168457
2337.0;2.280722814832965
2338.0;2.2803611962869748
2339.0;2.2800538637335404
2340.0;2.2798056271042246
2341.0;2.2796173141280303
2342.0;2.279499969588639
2343.0;2.2794532186014806
2344.0;2.279480000105707
2345.0;2.2795820977649415
2346.0;2.279761999824881
2347.0;2.2800183569442063
2348.0;2.280350109259218
2349.0;2.280754185675676
2350.0;2.2812277028159254
2351.0;2.281765992653213
2352.0;2.282364255390517
2353.0;2.2830135686585353
2354.0;2.2837074328021356
2355.0;2.284437182612206
2356.0;2.2851952723113844
2357.0;2.2859736827058788
2358.0;2.2867629033270034
2359.0;2.287554779009765
2360.0;2.288343074027919
2361.0;2.2891194345717745
2362.0;2.2898778978048253
2363.0;2.2906117778010593
2364.0;2.291315310051803
2365.0;2.2919839491153837
2366.0;2.29261279260043
2367.0;2.293198954904096
2368.0;2.2937372305506223
2369.0;2.294224356116149
2370.0;2.294657224007914
2371.0;2.295030935436547
2372.0;2.2953430641426458
2373.0;2.2955905600842406
2374.0;2.295769837159446
2375.0;2.295884972582116
2376.0;2.2959306991341175
2377.0;2.295906694128042
2378.0;2.295813713530209
2379.0;2.295653318249517
2380.0;2.2954270977862983
2381.0;2.2951373968536846
2382.0;2.294787815670221
2383.0;2.2943814010690855
2384.0;2.293921577038362
2385.0;2.293411359031287
2386.0;2.2928548446245176
2387.0;2.292254925423315
2388.0;2.291616074146167
2389.0;2.290941595582718
2390.0;2.29023792756195
2391.0;2.2895097895605483
2392.0;2.288760839456078
2393.0;2.2879975026736954
2394.0;2.287225689867598
2395.0;2.286451730468565
2396.0;2.2856813215313823
2397.0;2.2849207269784473
2398.0;2.2841753933534963
2399.0;2.2834518372275583
2400.0;2.282758729233013
2401.0;2.2821022214104882
2402.0;2.281489210419189
2403.0;2.2809267848572965
2404.0;2.2804206495446575
2405.0;2.279981583641553
2406.0;2.279614700885561
2407.0;2.2793221635385645
2408.0;2.2791089757407126
2409.0;2.2789793196155235
2410.0;2.2789358746801587
2411.0;2.2789792199096466
2412.0;2.279109337576105
2413.0;2.2793236126525582
2414.0;2.279618457436822
2415.0;2.2799886404463434
2416.0;2.280429186885501
2417.0;2.280931804157519
2418.0;2.2814916400438294
2419.0;2.2820990251934914
2420.0;2.282745576202607
2421.0;2.2834209639934233
2422.0;2.284113912337844
2423.0;2.2848141227707046
2424.0;2.285513491042658
2425.0;2.2862017602055356
2426.0;2.2868705326481953
2427.0;2.287510276266058
2428.0;2.2881141259254294
2429.0;2.2886755456111088
2430.0;2.2891916416730584
2431.0;2.2896584386809997
2432.0;2.2900748696589925
2433.0;2.290438089484406
2434.0;2.2907471962879793
2435.0;2.2909997118232357
2436.0;2.2911935940376913
2437.0;2.291333514340234
2438.0;2.291416575394224
2439.0;2.2914431153239914
2440.0;2.2914153452392556
2441.0;2.291335122937937
2442.0;2.2912053910421104
2443.0;2.2910284563676573
2444.0;2.290807919345451
2445.0;2.2905476736094323
2446.0;2.2902520731530616
2447.0;2.289925484598375
2448.0;2.2895725362285577
2449.0;2.289195730736062
2450.0;2.2887988631742457
2451.0;2.2883856590147817
2452.0;2.287959717580254
2453.0;2.2875240978858957
2454.0;2.2870823597841956
2455.0;2.286635741264516
2456.0;2.286186841816618
2457.0;2.2857386301011093
2458.0;2.2852934202333945
2459.0;2.2848547179667356
2460.0;2.2844266220177194
2461.0;2.2840112296392876
2462.0;2.2836119695182826
2463.0;2.2832318316353475
2464.0;2.2828745444346668
2465.0;2.2825440038189435
2466.0;2.2822449974633727
2467.0;2.281981974849514
2468.0;2.2817590710864497
2469.0;2.2815818963555463
2470.0;2.2814552394803767
2471.0;2.2813830725623023
2472.0;2.281370106816147
2473.0;2.2814194475429384
2474.0;2.281531969383696
2475.0;2.281714746120049
2476.0;2.281964285575168
2477.0;2.282279827451436
2478.0;2.282660747909247
2479.0;2.2831039324079128
2480.0;2.283606606438242
2481.0;2.2841630267091895
2482.0;2.2847675713625235
2483.0;2.2854133211118834
2484.0;2.2860924924745905
2485.0;2.2867958918657867
2486.0;2.2875151115877057
2487.0;2.2882423765663424
2488.0;2.288968811227625
2489.0;2.2896847779017255
2490.0;2.2903822515298162
2491.0;2.291052077110472
2492.0;2.291687627071626
2493.0;2.292279562016655
2494.0;2.2928229413422345
2495.0;2.2933129433110033
2496.0;2.293746109565829
2497.0;2.2941178406133904
2498.0;2.2944260032491464
2499.0;2.2946669311779435
2500.0;2.2948389168036467
2501.0;2.294940142029744
2502.0;2.2949709102315787
2503.0;2.2949313612580626
2504.0;2.294823966333184
2505.0;2.2946498677911893
2506.0;2.294412084697271
2507.0;2.294112481250431
2508.0;2.293756441588154
2509.0;2.2933485461255643
2510.0;2.292891165656904
2511.0;2.2923956988961804
2512.0;2.29186373167796
2513.0;2.2913014208671907
2514.0;2.2907140441329656
2515.0;2.290106775669036
2516.0;2.2894852749980146
2517.0;2.2888542173298063
2518.0;2.2882187991094494
2519.0;2.2875821846449695
2520.0;2.2869492107234723
2521.0;2.286323373908763
2522.0;2.285710281488511
2523.0;2.2851148776851624
2524.0;2.2845411069662034
2525.0;2.2839932871402144
2526.0;2.2834752475288247
2527.0;2.2829932440349308
2528.0;2.2825520591221125
2529.0;2.2821559240769904
2530.0;2.281810784976147
2531.0;2.2815205376044863
2532.0;2.2812900019902496
2533.0;2.2811226590461886
2534.0;2.2810220423762133
2535.0;2.280991241326722
2536.0;2.281033912484426
2537.0;2.2811511645216984
2538.0;2.2813425369490483
2539.0;2.2816056934876467
2540.0;2.2819403029931933
2541.0;2.2823436227133427
2542.0;2.282808724594019
2543.0;2.2833342619115293
2544.0;2.283911415344472
2545.0;2.284533165562661
2546.0;2.2851941555894837
2547.0;2.2858857567222834
2548.0;2.2866005004594134
2549.0;2.2873287536313023
2550.0;2.2880626504626815
2551.0;2.288793442768267
2552.0;2.289512773265303
2553.0;2.29021174588232
2554.0;2.2908831438001296
2555.0;2.2915174236502924
2556.0;2.2921068562044615
2557.0;2.2926463571412836
2558.0;2.293132565556979
2559.0;2.2935604378297674
2560.0;2.2939251193220382
2561.0;2.294224491762745
2562.0;2.294456336201362
2563.0;2.2946192949123656
2564.0;2.2947120258775398
2565.0;2.294734642384882
2566.0;2.2946889039851026
2567.0;2.294575937089386
2568.0;2.2943974111344767
2569.0;2.2941553935225354
2570.0;2.2938536773280545
2571.0;2.2934966762500073
2572.0;2.293089256396097
2573.0;2.2926368331767333
2574.0;2.2921435196525954
2575.0;2.291618416685937
2576.0;2.291066559997633
2577.0;2.2904925660973814
2578.0;2.2899020901246647
2579.0;2.289299864629853
2580.0;2.288690698828069
2581.0;2.2880791536058065
2582.0;2.287470303573907
2583.0;2.2868679450717497
2584.0;2.2862757819599757
2585.0;2.2856973102327456
2586.0;2.2851367950276207
2587.0;2.2845966641340407
2588.0;2.284081068847622
2589.0;2.2835919798156796
2590.0;2.2831321258332054
2591.0;2.2827043176153814
2592.0;2.2823125285060653
2593.0;2.2819587430825017
2594.0;2.281648166214829
2595.0;2.2813834239795363
2596.0;2.281170025817819
2597.0;2.2810081410005654
2598.0;2.280903133077268
2599.0;2.2808573135761923
2600.0;2.280874586169872
2601.0;2.2809557989813123
2602.0;2.2811022443586375
2603.0;2.281314553005037
2604.0;2.2815929617157975
2605.0;2.2819340751239863
2606.0;2.2823361763783327
2607.0;2.2827955229048467
2608.0;2.2833068454426795
2609.0;2.2838700306758093
2610.0;2.2844756734951286
2611.0;2.285116139871125
2612.0;2.2857862657357733
2613.0;2.2864776297762277
2614.0;2.2871814006398017
2615.0;2.2878884978294094
2616.0;2.2885926571985458
2617.0;2.2892837143363716
2618.0;2.2899564255954354
2619.0;2.290600971453989
2620.0;2.2912124524112554
2621.0;2.2917854911575373
2622.0;2.2923163892184273
2623.0;2.2927991061874433
2624.0;2.2932314605537023
2625.0;2.293608259544475
2626.0;2.29392794089483
2627.0;2.2941870272008846
2628.0;2.294382647835401
2629.0;2.2945118991348186
2630.0;2.2945751398052026
2631.0;2.29457100144847
2632.0;2.294500242913292
2633.0;2.294363405095338
2634.0;2.294162393485978
2635.0;2.293898973801006
2636.0;2.293576843660722
2637.0;2.293198747812035
2638.0;2.2927690553960347
2639.0;2.292291325643653
2640.0;2.2917711739999675
2641.0;2.2912131923225396
2642.0;2.2906202933548334
2643.0;2.290003064203656
2644.0;2.289364248326766
2645.0;2.2887086819505265
2646.0;2.2880427606127127
2647.0;2.287371906992936
2648.0;2.2867024497314743
2649.0;2.28603863964384
2650.0;2.2853868545758536
2651.0;2.284752341159121
2652.0;2.2841410577585552
2653.0;2.2835568206291286
2654.0;2.2830052184319354
2655.0;2.282492166080938
2656.0;2.2820222181968393
2657.0;2.2815988983522386
2658.0;2.281229170163965
2659.0;2.2809162011635293
2660.0;2.280665532128199
2661.0;2.280481643958095
2662.0;2.2803686966987446
2663.0;2.2803281131375344
2664.0;2.2803638700625957
2665.0;2.2804749626580065
2666.0;2.28066204963697
2667.0;2.28092409538869
2668.0;2.2812614946899785
2669.0;2.2816684949056434
2670.0;2.282143350762607
2671.0;2.2826801832186945
2672.0;2.283272300234176
2673.0;2.2839155867848704
2674.0;2.2846003603798035
2675.0;2.2853192313978443
2676.0;2.2860650102390845
2677.0;2.2868288220710253
2678.0;2.2876036619735776
2679.0;2.2883811061701884
2680.0;2.2891533605351517
2681.0;2.2899117245216876
2682.0;2.290648325454426
2683.0;2.291352743334733
2684.0;2.292020174806039
2685.0;2.292644554345352
2686.0;2.2932201241544194
2687.0;2.2937422952321502
2688.0;2.294208593500374
2689.0;2.2946158051416154
2690.0;2.2949596648622936
2691.0;2.2952363158215756
2692.0;2.2954427585798163
2693.0;2.2955776598526336
2694.0;2.295640568496434
2695.0;2.295628849770275
2696.0;2.2955433477952094
2697.0;2.2953857289213437
2698.0;2.295157220374292
2699.0;2.2948604306452776
2700.0;2.2944999011502762
2701.0;2.2940786435481706
2702.0;2.2936029968146427
2703.0;2.293077891596343
2704.0;2.2925086460532325
2705.0;2.2919066607988907
2706.0;2.2912757757443316
2707.0;2.2906210342732063
2708.0;2.289949795558635
2709.0;2.289268612522863
2710.0;2.288583574955321
2711.0;2.2878982154256926
2712.0;2.287217198964614
2713.0;2.286543279741614
2714.0;2.285880491033834
2715.0;2.2852311816928705
2716.0;2.2845982202226414
2717.0;2.2839834095073672
2718.0;2.283390411379362
2719.0;2.2828221276640517
2720.0;2.2822822645321157
2721.0;2.2817737209259064
2722.0;2.2813039482450925
2723.0;2.2808766946957437
2724.0;2.280497214769233
2725.0;2.280171196224167
2726.0;2.2799061626262156
2727.0;2.2797079977535075
2728.0;2.2795831596954
2729.0;2.2795356816065944
2730.0;2.27957266053448
2731.0;2.2796975593710833
2732.0;2.2799120259706402
2733.0;2.280216485378921
2734.0;2.280612405178063
2735.0;2.2810953675194776
2736.0;2.2816645132617
2737.0;2.2823126323359983
2738.0;2.2830315958816896
2739.0;2.28381846479075
2740.0;2.284661574088991
2741.0;2.2855503514647495
2742.0;2.2864752206674903
2743.0;2.287423732080277
2744.0;2.2883849147834385
2745.0;2.289346723361375
2746.0;2.2902968121865452
2747.0;2.291222656802687
2748.0;2.292117014740131
2749.0;2.292968447445247
2750.0;2.293770642271071
2751.0;2.294514809335924
2752.0;2.2951974970229974
2753.0;2.2958117615568416
2754.0;2.2963518694373772
2755.0;2.2968131816390476
2756.0;2.2971927393501574
2757.0;2.297486408731373
2758.0;2.297693805588144
2759.0;2.2978123124545013
2760.0;2.29784316263628
2761.0;2.297786597565703
2762.0;2.2976452163371928
2763.0;2.2974211785247896
2764.0;2.297118941481917
2765.0;2.296740967152722
2766.0;2.2962918417007225
2767.0;2.2957764200795356
2768.0;2.2952019889753594
2769.0;2.2945751888122143
2770.0;2.293902364131655
2771.0;2.2931886575028706
2772.0;2.292441364378342
2773.0;2.2916639442531945
2774.0;2.290869231123685
2775.0;2.2900580843876273
2776.0;2.289238655732734
2777.0;2.2884162061028617
2778.0;2.2875977300641925
2779.0;2.286787111817772
2780.0;2.2859907749385093
2781.0;2.2852140004606203
2782.0;2.2844618035211415
2783.0;2.28373810137772
2784.0;2.2830486873567764
2785.0;2.2823985902911583
2786.0;2.2817937459684705
2787.0;2.281238893086153
2788.0;2.2807405431756
2789.0;2.280304166280377
2790.0;2.279935313190738
2791.0;2.279637482714335
2792.0;2.279416357796854
2793.0;2.2792753947826556
2794.0;2.279218278357913
2795.0;2.279244290940223
2796.0;2.279355423897223
2797.0;2.279549866195307
2798.0;2.279826251650355
2799.0;2.2801796493583377
2800.0;2.2806053025451605
2801.0;2.2810966505205412
2802.0;2.2816466694629587
2803.0;2.282248111282473
2804.0;2.2828937348727725
2805.0;2.2835743275433793
2806.0;2.2842825563696043
2807.0;2.2850056424381613
2808.0;2.2857422316965637
2809.0;2.286478467939055
2810.0;2.2872074269727265
2811.0;2.287919747548139
2812.0;2.2886108887973653
2813.0;2.289274642982524
2814.0;2.2899067273746283
2815.0;2.2905024863127483
2816.0;2.2910600029944366
2817.0;2.291576857025053
2818.0;2.2920509729409138
2819.0;2.2924787048081514
2820.0;2.2928585816201466
2821.0;2.293188055433648
2822.0;2.2934660916079204
2823.0;2.2936909250906887
2824.0;2.2938626337596033
2825.0;2.2939791638091926
2826.0;2.2940411061428256
2827.0;2.2940481681704474
2828.0;2.2940025562799176
2829.0;2.2939045229439965
2830.0;2.2937563982308826
2831.0;2.2935593920879556
2832.0;2.293317276791111
2833.0;2.2930319541864113
2834.0;2.2927071479795997
2835.0;2.292344846376082
2836.0;2.291948519902871
2837.0;2.2915200245755667
2838.0;2.2910619949092172
2839.0;2.2905769252408845
2840.0;2.290068519045941
2841.0;2.289539252040141
2842.0;2.288992133643774
2843.0;2.28842930715141
2844.0;2.2878547679399666
2845.0;2.2872714836376806
2846.0;2.2866816068608937
2847.0;2.2860940671750103
2848.0;2.2855104998210454
2849.0;2.284935263702017
2850.0;2.284373500310842
2851.0;2.2838313215147106
2852.0;2.2833151193150223
2853.0;2.2828304857986654
2854.0;2.2823851256620897
2855.0;2.2819861055513013
2856.0;2.281639218632108
2857.0;2.2813486693640987
2858.0;2.2811219707187544
2859.0;2.280961935126231
2860.0;2.2808715384173155
2861.0;2.280854162956429
2862.0;2.280912729241255
2863.0;2.2810463333027675
2864.0;2.2812554898802113
2865.0;2.281537562819477
2866.0;2.281890225892349
2867.0;2.2823084121439
2868.0;2.282788231903138
2869.0;2.283322256513475
2870.0;2.283902723572842
2871.0;2.2845204080133263
2872.0;2.285166723994117
2873.0;2.2858297575217597
2874.0;2.2865006579068536
2875.0;2.2871680471979174
2876.0;2.287823349727714
2877.0;2.288456047792969
2878.0;2.289059028901342
2879.0;2.2896237957179917
2880.0;2.290146018183548
2881.0;2.2906206601654606
2882.0;2.2910441231563903
2883.0;2.291412076146133
2884.0;2.2917225378442705
2885.0;2.2919690408862046
2886.0;2.2921577380213627
2887.0;2.292282385026037
2888.0;2.2923431162056627
2889.0;2.2923401155664314
2890.0;2.2922757028507066
2891.0;2.2921515000367783
2892.0;2.2919704187373022
2893.0;2.291733951477077
2894.0;2.291447578839271
2895.0;2.2911148054070942
2896.0;2.2907408407330903
2897.0;2.290330324614459
2898.0;2.289889249738291
2899.0;2.289422264554422
2900.0;2.2889353987973973
2901.0;2.288433177781286
2902.0;2.287921173993179
2903.0;2.2874037199068944
2904.0;2.2868856125440282
2905.0;2.2863704040613713
2906.0;2.285863122088858
2907.0;2.285366747721724
2908.0;2.284886104768738
2909.0;2.284424461924245
2910.0;2.283985723486376
2911.0;2.2835728078004727
2912.0;2.2831896522073447
2913.0;2.2828391582901033
2914.0;2.282524692504881
2915.0;2.2822498731583103
2916.0;2.2820194347056315
2917.0;2.28183613251687
2918.0;2.2817026579300475
2919.0;2.281625551559438
2920.0;2.281604848871448
2921.0;2.281641875494107
2922.0;2.2817397485452213
2923.0;2.2818995345165196
2924.0;2.2821219898500487
2925.0;2.2824057910299946
2926.0;2.2827497077541614
2927.0;2.2831509732791284
2928.0;2.2836068774763225
2929.0;2.284112026056378
2930.0;2.2846616490134464
2931.0;2.2852502405981445
2932.0;2.2858715882798153
2933.0;2.2865180807301986
2934.0;2.2871825985795806
2935.0;2.287856937568618
2936.0;2.2885332177753437
2937.0;2.2892028939573286
2938.0;2.28985720587218
2939.0;2.2904888465006437
2940.0;2.2910895843588395
2941.0;2.291652180673049
2942.0;2.292170294028374
2943.0;2.292638507827451
2944.0;2.293052862499541
2945.0;2.293408558385257
2946.0;2.29370401813661
2947.0;2.2939365734510635
2948.0;2.294106143889795
2949.0;2.294211279066242
2950.0;2.294250131169619
2951.0;2.2942283740475085
2952.0;2.294144902354878
2953.0;2.2940015276400905
2954.0;2.293802055369207
2955.0;2.293549674833649
2956.0;2.2932477808205025
2957.0;2.2928997285607253
2958.0;2.2925115097505984
2959.0;2.2920860425983305
2960.0;2.291629705465228
2961.0;2.291147192784131
2962.0;2.29064508191732
2963.0;2.2901278672439176
2964.0;2.289599821385691
2965.0;2.2890644926395898
2966.0;2.288526238871114
2967.0;2.2879885759027596
2968.0;2.2874562294841905
2969.0;2.2869315668857024
2970.0;2.2864188093579143
2971.0;2.285920035226045
2972.0;2.285438718614256
2973.0;2.2849779228120375
2974.0;2.2845410214699147
2975.0;2.2841302721091776
2976.0;2.283750380091834
2977.0;2.2834035897182687
2978.0;2.2830931629609523
2979.0;2.2828234663397198
2980.0;2.282597406654797
2981.0;2.28241811479964
2982.0;2.282289851109908
2983.0;2.2822158006579927
2984.0;2.282200006292179
2985.0;2.2822434764900295
2986.0;2.282348210387182
2987.0;2.2825146709843764
2988.0;2.2827418309027507
2989.0;2.283034493523649
2990.0;2.2833881541770458
2991.0;2.283800479198454
2992.0;2.28426865729138
2993.0;2.2847875631063865
2994.0;2.2853516648489367
2995.0;2.285954293870893
2996.0;2.286591130581888
2997.0;2.28725515709622
2998.0;2.2879395657938417
2999.0;2.288635608040114
3000.0;2.2893366244058853
3001.0;2.290033783278927
3002.0;2.290718347931753
3003.0;2.291382559776948
3004.0;2.292017684420937
3005.0;2.2926164315476543
3006.0;2.293173519892913
3007.0;2.293682946847663
3008.0;2.294140105893539
3009.0;2.294540590469992
3010.0;2.2948783940845314
3011.0;2.2951496508188534
3012.0;2.295352174070124
3013.0;2.2954825323552006
3014.0;2.295538790731919
3015.0;2.295520310797061
3016.0;2.2954279691233714
3017.0;2.2952604825514453
3018.0;2.2950206266907203
3019.0;2.294710233841849
3020.0;2.294333439311953
3021.0;2.293895982465058
3022.0;2.2934012712907084
3023.0;2.292854546919603
3024.0;2.2922635152528175
3025.0;2.2916348091851155
3026.0;2.290973851302283
3027.0;2.2902922530359686
3028.0;2.2895924224854927
3029.0;2.2888808490136583
3030.0;2.288164479928385
3031.0;2.2874498858101853
3032.0;2.2867428150885623
3033.0;2.2860495297196906
3034.0;2.2853755323719067
3035.0;2.2847245264145934
3036.0;2.284101539747539
3037.0;2.2835093408141938
3038.0;2.2829517188371917
3039.0;2.2824331407340033
3040.0;2.28195856986057
3041.0;2.2815306948524356
3042.0;2.281153882535564
3043.0;2.280832151491206
3044.0;2.280568772620523
3045.0;2.28036865702541
3046.0;2.2802352798212335
3047.0;2.280170506996688
3048.0;2.280177671491498
3049.0;2.280256382967498
3050.0;2.2804079433256916
3051.0;2.2806316311875086
3052.0;2.2809272707403228
3053.0;2.281291702253397
3054.0;2.2817221389632887
3055.0;2.2822133421346495
3056.0;2.2827591431008054
3057.0;2.2833527238278264
3058.0;2.283986112834218
3059.0;2.2846507327353245
3060.0;2.2853375996211116
3061.0;2.2860438994245533
3062.0;2.286757893728889
3063.0;2.287471260030663
3064.0;2.2881763775106534
3065.0;2.2888651412789525
3066.0;2.289530923203171
3067.0;2.290165351046028
3068.0;2.290762805838772
3069.0;2.2913185920320314
3070.0;2.291828443981255
3071.0;2.2922889951286307
3072.0;2.292699278294795
3073.0;2.2930561396875144
3074.0;2.2933589520640187
3075.0;2.2936062091352842
3076.0;2.293797200186942
3077.0;2.293931527908457
3078.0;2.2940087761742194
3079.0;2.2940306840985167
3080.0;2.2939968818183023
3081.0;2.2939083582427746
3082.0;2.293766634310684
3083.0;2.2935731357425033
3084.0;2.293330418659714
3085.0;2.2930404151623236
3086.0;2.2927047245270797
3087.0;2.292325723428343
3088.0;2.291906407761548
3089.0;2.2914504002259366
3090.0;2.290960748687645
3091.0;2.290441157289968
3092.0;2.2898954008929766
3093.0;2.2893266002421426
3094.0;2.2887392910522233
3095.0;2.288137650773829
3096.0;2.287526237849656
3097.0;2.28690865904441
3098.0;2.2862896338645604
3099.0;2.285670158846374
3100.0;2.28506334923739
3101.0;2.2844696545519056
3102.0;2.2838960284500183
3103.0;2.283346506832997
3104.0;2.282827399993922
3105.0;2.282344985996485
3106.0;2.2819045363335544
3107.0;2.2815123535008444
3108.0;2.281173786071834
3109.0;2.280894669520519
3110.0;2.2806802874384644
3111.0;2.2805358916798597
3112.0;2.280465376525016
3113.0;2.2804720789140647
3114.0;2.280557501777685
3115.0;2.2807220180112577
3116.0;2.280967124496343
3117.0;2.2812917387876093
3118.0;2.2816940148860136
3119.0;2.282170114154899
3120.0;2.2827157587195157
3121.0;2.2833248028280004
3122.0;2.2839913602313686
3123.0;2.284706955932813
3124.0;2.2854643939355213
3125.0;2.2862545437726842
3126.0;2.2870695046752143
3127.0;2.2878997185763104
3128.0;2.2887365107614936
3129.0;2.289570138811158
3130.0;2.290392885094682
3131.0;2.2911952732558927
3132.0;2.291970490024767
3133.0;2.292710240259742
3134.0;2.2934096100724197
3135.0;2.294061967467372
3136.0;2.2946611029866077
3137.0;2.295207962067552
3138.0;2.295693584537709
3139.0;2.2961133538265126
3140.0;2.2964641235701126
3141.0;2.296742128626057
3142.0;2.2969466604738384
3143.0;2.297075492282204
3144.0;2.29712883895268
3145.0;2.297106539146045
3146.0;2.297010492920167
3147.0;2.2968438452925484
3148.0;2.2966094655664673
3149.0;2.2963093263348116
3150.0;2.295947141369302
3151.0;2.295526334390357
3152.0;2.2950508045312765
3153.0;2.2945235039262153
3154.0;2.293949661976013
3155.0;2.2933324436034552
3156.0;2.292676205624468
3157.0;2.2919835357116254
3158.0;2.2912583862643303
3159.0;2.2905061017176607
3160.0;2.2897315402412928
3161.0;2.288939390689951
3162.0;2.2881364596981952
3163.0;2.2873295776561076
3164.0;2.2865257691171275
3165.0;2.2857306703550293
3166.0;2.284951892236635
3167.0;2.2841955920037047
3168.0;2.2834704420354663
3169.0;2.28278181770551
3170.0;2.282133117854617
3171.0;2.281537607204683
3172.0;2.280997559618126
3173.0;2.280518104873227
3174.0;2.280105695434236
3175.0;2.2797640601196725
3176.0;2.2794974322092227
3177.0;2.2793090219175904
3178.0;2.2792018430494174
3179.0;2.279177434672982
3180.0;2.2792386926535455
3181.0;2.27938477210358
3182.0;2.2796142500029464
3183.0;2.2799249930684176
3184.0;2.2803136184617796
3185.0;2.2807740034979185
3186.0;2.2813021667296405
3187.0;2.2818915403924867
3188.0;2.282536448756871
3189.0;2.2832277746466745
3190.0;2.283956819272992
3191.0;2.2847151428507666
3192.0;2.2854948968697952
3193.0;2.2862866810747673
3194.0;2.2870828069648064
3195.0;2.2878726913593
3196.0;2.288649037215108
3197.0;2.2894044649206267
3198.0;2.2901331970502072
3199.0;2.290828722578376
3200.0;2.291485058270778
3201.0;2.292098811308329
3202.0;2.292666812901285
3203.0;2.293183326146577
3204.0;2.293645533712677
3205.0;2.2940482823059947
3206.0;2.294394767928585
3207.0;2.2946781561764484
3208.0;2.2948966725483504
3209.0;2.295049990805394
3210.0;2.295139296898841
3211.0;2.2951644711563204
3212.0;2.295126978836833
3213.0;2.295028383643056
3214.0;2.294871309884387
3215.0;2.294658093470639
3216.0;2.2943932755347913
3217.0;2.294078677414373
3218.0;2.293718373142729
3219.0;2.293315551663898
3220.0;2.2928720574383026
3221.0;2.2923913825215707
3222.0;2.2918767856732836
3223.0;2.2913311827046265
3224.0;2.290760391450113
3225.0;2.29016768461581
3226.0;2.2895577413205626
3227.0;2.288933634827452
3228.0;2.288300969583968
3229.0;2.2876643951803675
3230.0;2.2870291053640717
3231.0;2.286398102936155
3232.0;2.2857769272637865
3233.0;2.285169596439397
3234.0;2.284582214128978
3235.0;2.2840191960826988
3236.0;2.283486747625498
3237.0;2.2829905351008684
3238.0;2.2825363765316795
3239.0;2.2821298064148663
3240.0;2.2817775487425433
3241.0;2.281483671793792
3242.0;2.2812502172756037
3243.0;2.2810865961305056
3244.0;2.2809922161845546
3245.0;2.2809687594891717
3246.0;2.2810196577722115
3247.0;2.2811438094874705
3248.0;2.281340949009222
3249.0;2.2816080783442474
3250.0;2.2819431217281467
3251.0;2.282341396430279
3252.0;2.282797857227484
3253.0;2.28330496153491
3254.0;2.2838572489068962
3255.0;2.2844467899820824
3256.0;2.285064030092536
3257.0;2.285699739927554
3258.0;2.286346778105008
3259.0;2.286995927316004
3260.0;2.2876397688168373
3261.0;2.2882700095668125
3262.0;2.288880761964954
3263.0;2.2894661510325167
3264.0;2.2900216393365214
3265.0;2.290542664284535
3266.0;2.291026963317671
3267.0;2.291470375846604
3268.0;2.29187178832158
3269.0;2.2922278897828408
3270.0;2.2925365752119506
3271.0;2.2927955828217907
3272.0;2.293003276580907
3273.0;2.2931574876976835
3274.0;2.2932579154187804
3275.0;2.293303067274499
3276.0;2.293294064633472
3277.0;2.29323160914273
3278.0;2.2931153734468297
3279.0;2.292953038533188
3280.0;2.292744377423632
3281.0;2.292491257209721
3282.0;2.292197769902211
3283.0;2.2918667326360795
3284.0;2.2915015950081417
3285.0;2.2911076472879754
3286.0;2.2906883347653713
3287.0;2.2902456862140155
3288.0;2.289784906778211
3289.0;2.2893095167015693
3290.0;2.288823559230109
3291.0;2.2883302488980504
3292.0;2.287833872450646
3293.0;2.287337061678347
3294.0;2.28684477553051
3295.0;2.2863604155469144
3296.0;2.2858880560921455
3297.0;2.285431365414114
3298.0;2.2849944317523434
3299.0;2.2845799034435945
3300.0;2.284194699114176
3301.0;2.2838425687068087
3302.0;2.283527784975494
3303.0;2.2832531204514055
3304.0;2.2830246111623276
3305.0;2.2828455760560193
3306.0;2.282720807212277
3307.0;2.282651295004422
3308.0;2.2826408252434796
3309.0;2.2826909552003674
3310.0;2.282802626776464
3311.0;2.2829728806381646
3312.0;2.2832059728269134
3313.0;2.283494993463308
3314.0;2.283836665947124
3315.0;2.2842256897128177
3316.0;2.2846579799996007
3317.0;2.285127851455153
3318.0;2.2856298470181855
3319.0;2.2861562377519533
3320.0;2.2867002249641675
3321.0;2.287254705631363
3322.0;2.2878120999619096
3323.0;2.2883637369192877
3324.0;2.2889022692000474
3325.0;2.2894191110820135
3326.0;2.289907488608845
3327.0;2.290359488255615
3328.0;2.290770919262455
3329.0;2.2911368388582147
3330.0;2.2914548683322797
3331.0;2.29172076755599
3332.0;2.2919329564077495
3333.0;2.2920898459279293
3334.0;2.2921925129983807
3335.0;2.2922387092844403
3336.0;2.2922297272617627
3337.0;2.292165879952487
3338.0;2.2920497387833305
3339.0;2.2918834891555675
3340.0;2.291670700507713
3341.0;2.2914144198148074
3342.0;2.291118787371815
3343.0;2.2907870827870194
3344.0;2.2904248694438962
3345.0;2.290035438622491
3346.0;2.2896205838259025
3347.0;2.2891889275568005
3348.0;2.2887422062955736
3349.0;2.2882839810067095
3350.0;2.2878196348040984
3351.0;2.287352697796794
3352.0;2.2868871741117616
3353.0;2.286426383364687
3354.0;2.285975229598553
3355.0;2.2855363545526615
3356.0;2.2851139446351882
3357.0;2.284711286203424
3358.0;2.2843314961003696
3359.0;2.283976513092182
3360.0;2.283651533348645
3361.0;2.2833586494271567
3362.0;2.2831011544728472
3363.0;2.282881026760299
3364.0;2.282701039321952
3365.0;2.2825617929693798
3366.0;2.2824676595296642
3367.0;2.282419484268217
3368.0;2.282419738541777
3369.0;2.2824699446844567
3370.0;2.2825719022853703
3371.0;2.2827256724187075
3372.0;2.2829340465700976
3373.0;2.283195411732368
3374.0;2.283509182322361
3375.0;2.2838733687697665
3376.0;2.2842857390383133
3377.0;2.2847427324022815
3378.0;2.28524219017745
3379.0;2.2857806814294572
3380.0;2.2863539199267016
3381.0;2.2869528325478248
3382.0;2.287579189350781
3383.0;2.288221626617164
3384.0;2.288875708521065
3385.0;2.2895346695257284
3386.0;2.290192301340391
3387.0;2.2908405935043685
3388.0;2.291473088941291
3389.0;2.292082361467477
3390.0;2.29266389509328
3391.0;2.293210707708439
3392.0;2.293718006258991
3393.0;2.2941799929929325
3394.0;2.29459217804835
3395.0;2.294949378597132
3396.0;2.295249043828803
3397.0;2.2954869221902685
3398.0;2.295660240925451
3399.0;2.295766901936004
3400.0;2.2958065884285386
3401.0;2.295777566216249
3402.0;2.295680932750063
3403.0;2.2955167648606323
3404.0;2.2952882456471264
3405.0;2.2949984351769266
3406.0;2.294651565272475
3407.0;2.2942498956336346
3408.0;2.2937987584540167
3409.0;2.293303288121391
3410.0;2.292770503638451
3411.0;2.2922047253346456
3412.0;2.2916118132393812
3413.0;2.2909960718143982
3414.0;2.290363708142021
3415.0;2.2897171242637153
3416.0;2.2890681063063822
3417.0;2.2884172344278277
3418.0;2.2877704808950656
3419.0;2.287132328760259
3420.0;2.286508133105107
3421.0;2.285901747866784
3422.0;2.285318621276307
3423.0;2.284762664492956
3424.0;2.2842391928548853
3425.0;2.2837512276155465
3426.0;2.2833033285500504
3427.0;2.2828986855701574
3428.0;2.282541081062829
3429.0;2.282232951447285
3430.0;2.2819789447336287
3431.0;2.2817821157959943
3432.0;2.2816458203220673
3433.0;2.2815703974417936
3434.0;2.2815581838568524
3435.0;2.2816098081962313
3436.0;2.281725574428972
3437.0;2.2819027881373644
3438.0;2.2821413782379034
3439.0;2.2824371591906396
3440.0;2.282787628822431
3441.0;2.2831864694091704
3442.0;2.28362794278795
3443.0;2.284105036924829
3444.0;2.284611796726687
3445.0;2.2851400414748793
3446.0;2.285684912812203
3447.0;2.2862389304911774
3448.0;2.2867960077773315
3449.0;2.2873461481266424
3450.0;2.287890320215063
3451.0;2.2884177636411445
3452.0;2.2889240967018267
3453.0;2.2894030724643892
3454.0;2.289850248676291
3455.0;2.290261769348185
3456.0;2.2906356399271597
3457.0;2.290968734683505
3458.0;2.2912593619714143
3459.0;2.291505096487393
3460.0;2.291705483354807
3461.0;2.2918589958524054
3462.0;2.2919655131589822
3463.0;2.292023854282066
3464.0;2.2920342795583606
3465.0;2.291996867564578
3466.0;2.29191339224243
3467.0;2.291784167431607
3468.0;2.291612374328164
3469.0;2.291399232153996
3470.0;2.2911479971658673
3471.0;2.2908612578879706
3472.0;2.2905438867591528
3473.0;2.290198268285038
3474.0;2.289829113923267
3475.0;2.2894398339760325
3476.0;2.289034649039437
3477.0;2.2886176443176596
3478.0;2.2881919013043026
3479.0;2.287759728431067
3480.0;2.287326466940468
3481.0;2.286894707767493
3482.0;2.2864672805807493
3483.0;2.286048176749918
3484.0;2.2856400562932677
3485.0;2.2852454663194104
3486.0;2.2848660466344786
3487.0;2.2845091740367156
3488.0;2.284175060468157
3489.0;2.283866384167882
3490.0;2.2835863000809997
3491.0;2.283336700542708
3492.0;2.283122569819701
3493.0;2.2829460829668577
3494.0;2.282811503178128
3495.0;2.2827214643291716
3496.0;2.2826791882227746
3497.0;2.282686884330646
3498.0;2.2827484911811893
3499.0;2.282864149164505
3500.0;2.2830359231493116
3501.0;2.2832633150061343
3502.0;2.283546733958398
3503.0;2.2838839650507983
3504.0;2.2842738730043477
3505.0;2.2847125461233895
3506.0;2.2851967226256353
3507.0;2.285721036448068
3508.0;2.286281256269498
3509.0;2.286871897935394
3510.0;2.2874864067702916
3511.0;2.2881182504787363
3512.0;2.288760737216678
3513.0;2.2894064840325674
3514.0;2.2900490413237047
3515.0;2.290680576327157
3516.0;2.2912939323754338
3517.0;2.291881913782228
3518.0;2.2924391832709685
3519.0;2.2929581962622163
3520.0;2.293434053378602
3521.0;2.2938622763214376
3522.0;2.294239147472675
3523.0;2.2945615729596462
3524.0;2.2948270209353407
3525.0;2.295029290818672
3526.0;2.295174115697625
3527.0;2.295253730149354
3528.0;2.295268300642254
3529.0;2.29521614850276
3530.0;2.295098460871645
3531.0;2.294914819115352
3532.0;2.2946668887588837
3533.0;2.294355453134579
3534.0;2.293984119121061
3535.0;2.2935547872264084
3536.0;2.293071328445899
3537.0;2.2925375365387684
3538.0;2.2919585514070486
3539.0;2.2913401375461118
3540.0;2.290689088524927
3541.0;2.2900099810207144
3542.0;2.2893106561742407
3543.0;2.2885971179964018
3544.0;2.287876401337829
3545.0;2.287154800855221
